customer_id,recency,frequency,monetary,segment,churned
13997,337,3,382.310000000,à_risque_critique,True
14260,289,3,824.280000000,à_risque_critique,True
17006,210,4,854.540000000,à_risque_critique,False
17610,358,5,1529.490000000,à_risque_critique,True
15652,205,4,1082.600000000,à_risque_critique,False
16702,233,4,1109.530000000,à_risque_critique,True
18048,21,3,401.730000000,à_surveiller,True
15134,31,4,447.750000000,à_surveiller,False
13734,326,4,6701.640000000,à_surveiller,True
15990,105,6,1619.310000000,à_surveiller,False
18106,147,6,1461.460000000,à_surveiller,True
17609,120,8,1312.270000000,à_surveiller,False
16350,151,6,1514.120000000,à_surveiller,False
13725,43,6,1751.600000000,à_surveiller,False
18093,115,6,3463.710000000,à_surveiller,False
13313,33,9,2499.740000000,sain,False
14286,60,5,5901.090000000,sain,False
13946,19,5,1800.630000000,sain,False
17667,29,7,3251.860000000,sain,False
15059,33,14,2754.070000000,sain,False
14701,65,11,3763.470000000,sain,False
17428,30,30,21851.730000000,sain,False
16735,57,11,5067.920000000,sain,False
12980,5,19,14329.860000000,sain,False
13319,4,45,16246.850000000,sain,False
14543,8,32,13697.340000000,sain,False
14221,8,12,4738.520000000,sain,False
13601,29,3,865.020000000,à_risque_critique,False
14285,331,4,1374.410000000,à_risque_critique,False
13299,86,3,1218.700000000,à_risque_critique,True
15944,94,4,2164.240000000,à_surveiller,True
15889,187,7,1649.280000000,à_surveiller,False
13846,60,3,1106.660000000,à_surveiller,False
15452,82,4,1507.630000000,à_surveiller,False
14404,77,10,2148.370000000,à_surveiller,False
16027,36,12,1630.410000000,sain,False
14343,239,4,1088.910000000,à_risque_critique,True
17293,126,10,2368.470000000,sain,False
13397,1,8,2628.210000000,sain,False
15768,21,33,15458.410000000,sain,False
14061,325,3,917.430000000,à_risque_critique,True
17376,129,3,356.290000000,à_risque_critique,False
17941,408,3,1128.720000000,à_risque_critique,False
17898,25,3,246.960000000,à_risque_critique,False
14741,179,3,992.550000000,à_risque_critique,False
15607,154,9,1708.970000000,à_surveiller,True
17375,17,4,660.550000000,à_surveiller,True
18218,29,4,1142.000000000,à_surveiller,True
16609,15,3,1987.620000000,à_surveiller,False
13291,232,10,2959.730000000,à_surveiller,False
17861,71,12,3484.870000000,sain,False
18260,23,22,9534.980000000,sain,False
13769,25,15,4451.920000000,sain,False
14849,31,28,10245.820000000,sain,False
16985,29,19,8374.400000000,sain,False
16890,294,3,277.910000000,à_risque_critique,True
13922,169,3,865.200000000,à_risque_critique,True
13656,155,3,861.900000000,à_risque_critique,False
15068,74,3,863.450000000,à_risque_critique,False
17222,295,5,1234.960000000,à_risque_critique,False
16650,238,6,1397.690000000,à_surveiller,False
15228,112,3,3098.410000000,à_surveiller,False
15491,36,3,1644.920000000,à_surveiller,False
16998,22,4,394.100000000,à_surveiller,False
16005,88,7,1998.000000000,à_surveiller,False
15633,327,13,4352.460000000,sain,True
14541,32,12,2051.780000000,sain,False
15681,1,12,2266.760000000,sain,False
15716,19,10,2837.920000000,sain,False
13911,15,17,3357.990000000,sain,False
13654,19,8,4773.510000000,sain,False
16701,7,19,6716.720000000,sain,False
15159,2,18,9151.590000000,sain,False
14283,281,4,628.440000000,à_risque_critique,True
16532,156,3,3918.240000000,à_surveiller,False
15051,197,6,2543.550000000,à_surveiller,False
17241,203,12,2744.140000000,à_surveiller,True
13362,63,5,3884.860000000,sain,False
14524,54,8,1843.610000000,sain,False
15493,67,6,3255.940000000,sain,False
17340,10,11,15854.340000000,sain,False
15886,234,3,871.780000000,à_risque_critique,False
14942,219,4,746.560000000,à_risque_critique,True
13338,359,3,1908.600000000,à_risque_critique,False
14813,187,4,1090.870000000,à_risque_critique,True
17812,186,4,651.280000000,à_risque_critique,False
15551,212,6,1274.020000000,à_surveiller,False
14225,252,4,2037.020000000,à_surveiller,True
16636,256,4,3802.040000000,à_surveiller,True
13211,179,8,1642.600000000,à_surveiller,False
14231,1,4,1235.620000000,à_surveiller,True
16221,93,8,1684.570000000,à_surveiller,False
16832,2,5,417.610000000,à_surveiller,True
17707,3,8,609.300000000,à_surveiller,True
15100,151,7,2894.700000000,à_surveiller,True
16940,107,6,4135.460000000,sain,False
14390,29,7,2783.090000000,sain,False
13591,22,6,1753.040000000,sain,False
13643,3,8,1725.230000000,sain,False
14211,25,14,3071.080000000,sain,False
13564,172,36,16630.800000000,sain,True
14817,18,7,3609.860000000,sain,True
17017,22,20,9910.170000000,sain,False
13590,17,15,5279.700000000,sain,False
17315,9,25,6250.660000000,sain,False
17201,341,3,888.910000000,à_risque_critique,False
14139,308,3,670.980000000,à_risque_critique,False
16287,194,4,864.480000000,à_risque_critique,False
15715,373,5,658.020000000,à_risque_critique,True
16569,449,4,1331.030000000,à_risque_critique,False
14443,128,3,1574.670000000,à_risque_critique,False
13187,155,4,348.010000000,à_risque_critique,True
17021,260,6,1182.220000000,à_risque_critique,True
16510,190,6,2079.750000000,à_surveiller,True
12997,54,6,1492.490000000,à_surveiller,False
16676,31,5,1868.280000000,à_surveiller,False
18230,25,5,2735.160000000,à_surveiller,False
13722,100,8,4723.470000000,sain,False
17894,103,16,2201.000000000,sain,False
15203,16,11,3265.280000000,sain,False
17191,9,13,3916.620000000,sain,False
13089,3,160,87442.950000000,sain,False
14049,18,11,10615.770000000,sain,False
14790,71,7,1933.720000000,à_surveiller,False
14239,18,16,3177.360000000,sain,False
12863,197,5,2271.350000000,à_surveiller,False
17634,30,5,1814.670000000,à_surveiller,False
13577,59,8,2153.430000000,sain,False
16422,3,84,47995.470000000,sain,False
15055,292,3,560.070000000,à_risque_critique,True
17373,130,4,665.830000000,à_risque_critique,False
12972,231,4,1161.200000000,à_risque_critique,True
14182,261,4,678.770000000,à_risque_critique,True
16167,232,5,1386.120000000,à_risque_critique,True
16256,84,3,1579.370000000,à_risque_critique,True
15248,229,3,1893.930000000,à_risque_critique,True
16716,84,3,2149.680000000,à_surveiller,True
17862,141,4,1279.090000000,à_surveiller,True
14693,82,7,1165.360000000,à_surveiller,True
16768,89,7,1413.280000000,à_surveiller,False
15569,150,6,2499.140000000,à_surveiller,False
17165,102,6,1794.320000000,à_surveiller,True
14565,23,3,2587.650000000,à_surveiller,False
16085,54,9,1670.740000000,à_surveiller,False
17802,190,8,3868.280000000,à_surveiller,False
16105,66,5,2386.190000000,à_surveiller,True
16477,32,9,3378.070000000,sain,False
13929,144,10,3064.300000000,sain,False
17188,133,9,3543.140000000,sain,False
13131,5,5,2565.370000000,sain,False
13562,63,6,3642.120000000,sain,False
18044,16,14,2300.220000000,sain,False
17139,28,17,13621.890000000,sain,False
15125,25,13,12807.110000000,sain,False
13468,19,56,11276.660000000,sain,False
13287,421,3,781.590000000,à_risque_critique,True
15276,212,3,514.220000000,à_risque_critique,False
14569,270,3,371.590000000,à_risque_critique,False
13292,102,4,665.140000000,à_risque_critique,False
17041,178,4,909.210000000,à_risque_critique,False
16551,154,5,1626.070000000,à_surveiller,False
14403,35,4,1380.710000000,à_surveiller,False
15649,154,4,2170.350000000,à_surveiller,True
12967,176,3,4306.920000000,à_surveiller,True
12993,25,6,1020.170000000,à_surveiller,False
13527,19,7,2981.870000000,sain,False
14243,63,12,6355.350000000,sain,False
17690,4,15,5754.080000000,sain,False
14577,50,5,982.550000000,à_surveiller,False
17618,66,10,3768.440000000,sain,False
13778,309,3,945.790000000,à_risque_critique,False
15198,226,3,377.710000000,à_risque_critique,False
14820,198,5,767.470000000,à_risque_critique,False
17555,152,4,769.930000000,à_risque_critique,False
16378,65,3,362.950000000,à_risque_critique,True
13462,70,5,1153.850000000,à_surveiller,True
17726,213,7,1092.060000000,à_surveiller,True
13709,133,6,1738.400000000,à_surveiller,False
17854,3,6,1071.450000000,sain,True
14233,29,6,2400.650000000,sain,False
14001,50,8,3796.150000000,sain,False
14865,190,3,114.720000000,à_risque_critique,False
16344,327,3,741.320000000,à_risque_critique,False
14729,191,3,907.380000000,à_risque_critique,True
16174,309,4,1237.200000000,à_risque_critique,False
15723,182,4,947.650000000,à_risque_critique,True
14549,129,4,916.550000000,à_risque_critique,True
17025,191,4,1313.840000000,à_risque_critique,False
17524,179,3,539.140000000,à_risque_critique,True
15092,33,3,776.460000000,à_risque_critique,True
13297,203,3,2278.770000000,à_risque_critique,False
16261,64,3,567.580000000,à_risque_critique,False
14818,71,4,630.860000000,à_risque_critique,False
15246,56,3,780.400000000,à_risque_critique,True
14136,218,5,1570.810000000,à_risque_critique,True
18151,107,5,1538.640000000,à_surveiller,False
14499,96,5,1449.670000000,à_surveiller,False
16681,23,4,1027.340000000,à_surveiller,False
13214,235,7,3264.230000000,à_surveiller,True
16950,185,8,2769.810000000,à_surveiller,False
14758,23,6,2587.850000000,sain,False
15023,36,13,8202.500000000,sain,False
17416,15,18,13853.040000000,sain,False
14769,19,13,10934.480000000,sain,False
16430,199,5,802.090000000,à_risque_critique,False
15220,21,3,858.190000000,à_surveiller,False
16037,87,5,1509.340000000,à_surveiller,True
14167,81,6,980.650000000,à_surveiller,False
15759,36,7,830.930000000,à_surveiller,True
15223,43,5,1417.950000000,à_surveiller,True
16306,31,7,1192.820000000,à_surveiller,True
15252,1,4,1663.180000000,à_surveiller,False
14224,33,7,1343.100000000,à_surveiller,False
14597,9,5,1483.490000000,à_surveiller,False
14700,7,4,2438.560000000,sain,False
14854,45,7,2754.360000000,sain,False
15606,40,14,4137.180000000,sain,False
13001,2,30,22198.630000000,sain,False
13980,257,4,599.780000000,à_risque_critique,False
17731,1,4,1131.450000000,à_surveiller,False
16992,17,10,4533.340000000,sain,False
15111,190,3,1451.890000000,à_risque_critique,False
14609,114,7,1028.640000000,à_surveiller,False
12909,19,6,2452.890000000,sain,False
14828,14,13,9839.460000000,sain,True
14947,206,4,758.970000000,à_risque_critique,False
16049,193,3,787.890000000,à_risque_critique,False
15428,205,3,668.970000000,à_risque_critique,False
16679,184,3,793.060000000,à_risque_critique,True
16048,191,4,1075.230000000,à_risque_critique,True
13889,200,5,1574.330000000,à_risque_critique,False
16109,36,3,939.480000000,à_risque_critique,True
14538,74,4,1089.090000000,à_risque_critique,False
15574,176,5,1406.600000000,à_surveiller,False
16949,3,4,893.750000000,à_surveiller,False
17988,144,7,349.560000000,à_surveiller,False
15561,33,5,1399.550000000,à_surveiller,False
14199,36,4,1091.700000000,à_surveiller,True
15572,66,6,2391.850000000,sain,False
17597,31,5,3484.090000000,sain,True
15704,5,4,3031.660000000,sain,False
15971,60,10,2784.180000000,sain,False
16928,8,16,2272.490000000,sain,False
17612,32,14,4012.160000000,sain,False
14825,22,17,3724.040000000,sain,False
16919,10,22,4584.810000000,sain,False
17589,5,16,12826.700000000,sain,False
17706,5,19,11436.760000000,sain,False
15133,75,4,1482.380000000,à_surveiller,False
15535,54,5,962.810000000,à_surveiller,False
13554,198,7,1638.280000000,à_surveiller,True
13208,24,6,1464.810000000,à_surveiller,False
16351,150,13,3330.030000000,sain,True
13052,30,7,3167.680000000,sain,True
15658,8,8,2423.470000000,sain,True
14744,115,12,3713.130000000,sain,False
17306,22,10,4346.700000000,sain,False
14895,22,21,17900.610000000,sain,False
18225,22,19,9213.210000000,sain,False
16499,178,8,2578.340000000,à_surveiller,True
16549,152,25,9147.040000000,sain,False
14299,136,22,12099.810000000,sain,False
16168,4,49,8244.180000000,sain,False
15309,428,4,797.960000000,à_risque_critique,True
16538,359,3,399.620000000,à_risque_critique,True
14754,113,5,1140.700000000,à_surveiller,False
15184,8,3,518.420000000,à_surveiller,False
12917,218,5,3765.200000000,à_surveiller,False
14175,147,6,4779.160000000,sain,False
17457,22,13,5644.750000000,sain,False
18198,5,11,3500.790000000,sain,False
17811,5,26,5830.900000000,sain,False
13872,345,3,919.570000000,à_risque_critique,True
17962,367,3,583.540000000,à_risque_critique,False
16774,241,4,932.930000000,à_risque_critique,False
13140,184,3,951.470000000,à_risque_critique,False
16913,108,3,423.910000000,à_risque_critique,True
17963,289,4,651.510000000,à_risque_critique,True
17876,217,3,3424.020000000,à_risque_critique,True
15359,480,8,181.350000000,à_risque_critique,True
13635,260,3,1928.130000000,à_risque_critique,False
15420,252,6,743.000000000,à_risque_critique,True
15483,84,7,736.100000000,à_surveiller,False
15407,1,3,740.730000000,à_surveiller,False
16699,198,7,994.600000000,à_surveiller,True
16690,19,3,213.950000000,à_surveiller,False
15549,134,6,1594.800000000,à_surveiller,False
16966,15,3,1154.400000000,à_surveiller,False
16560,176,7,2539.150000000,à_surveiller,False
16539,37,9,3396.810000000,sain,False
14105,57,5,5988.830000000,sain,True
14154,57,8,6460.700000000,sain,True
13137,70,10,4926.130000000,sain,False
13610,5,10,1517.120000000,sain,False
14913,1,7,3762.850000000,sain,False
16656,10,21,11764.850000000,sain,False
14420,214,3,1251.650000000,à_risque_critique,False
14615,212,5,951.760000000,à_risque_critique,True
17329,133,4,724.680000000,à_risque_critique,False
17051,12,4,714.390000000,à_surveiller,True
13979,211,6,2540.060000000,à_surveiller,False
14431,120,4,2614.200000000,à_surveiller,True
18202,17,3,1396.990000000,à_surveiller,True
18037,43,14,158.220000000,à_surveiller,False
18219,32,12,2405.430000000,sain,False
15379,4,7,4747.040000000,sain,False
13735,52,10,7863.130000000,sain,False
17001,25,13,4453.170000000,sain,False
15513,17,28,19061.790000000,sain,False
15013,305,10,1641.300000000,à_surveiller,True
15571,204,10,3401.200000000,à_surveiller,False
14963,1,8,1970.880000000,sain,False
14110,38,23,9006.320000000,sain,False
14624,233,4,588.220000000,à_risque_critique,False
16661,358,4,986.630000000,à_risque_critique,True
13652,74,4,2114.010000000,à_surveiller,False
16356,15,6,415.870000000,à_surveiller,True
16912,25,9,3070.590000000,sain,False
13117,35,16,2410.270000000,sain,False
16255,64,11,3348.560000000,sain,False
13148,50,20,6703.520000000,sain,False
17975,10,18,5317.840000000,sain,False
13225,14,13,13538.110000000,sain,False
12748,2,206,29415.210000000,sain,False
16975,241,3,926.120000000,à_risque_critique,True
15887,224,3,1027.150000000,à_risque_critique,True
17542,87,3,341.700000000,à_risque_critique,True
18039,192,4,579.170000000,à_risque_critique,True
13613,270,5,1039.850000000,à_risque_critique,True
13959,99,5,815.420000000,à_risque_critique,False
13101,52,4,695.400000000,à_risque_critique,True
18221,2,3,920.340000000,à_surveiller,False
14177,199,9,1669.930000000,à_surveiller,False
17585,81,5,1481.760000000,à_surveiller,False
13506,134,5,1639.200000000,à_surveiller,True
15580,194,8,1381.190000000,à_surveiller,True
14821,184,7,1286.450000000,à_surveiller,True
12975,254,6,2100.090000000,à_surveiller,True
16190,212,7,2508.470000000,à_surveiller,False
17602,142,9,3115.210000000,à_surveiller,False
14583,3,5,1042.810000000,à_surveiller,False
14903,18,3,1800.230000000,à_surveiller,False
15974,2,4,2054.850000000,sain,False
16611,4,6,1785.130000000,sain,True
13136,30,9,4241.410000000,sain,False
18077,44,11,2584.930000000,sain,False
13629,28,12,8466.500000000,sain,False
14546,19,8,3494.690000000,sain,False
17700,31,12,5270.900000000,sain,False
14514,19,8,3946.740000000,sain,False
13576,5,18,7970.410000000,sain,False
17226,126,3,900.120000000,à_risque_critique,True
14890,71,3,817.250000000,à_risque_critique,True
16418,44,3,572.580000000,à_risque_critique,False
16101,252,3,1938.460000000,à_risque_critique,False
17371,179,4,332.290000000,à_risque_critique,False
17768,205,4,1236.330000000,à_risque_critique,False
16647,22,3,455.590000000,à_surveiller,False
16124,135,4,1772.490000000,à_surveiller,True
17109,50,4,875.010000000,à_surveiller,False
15795,248,7,1369.860000000,à_surveiller,False
15109,63,3,983.100000000,à_surveiller,True
13124,70,3,3490.240000000,à_surveiller,False
15737,4,4,729.730000000,à_surveiller,False
13989,57,4,1656.650000000,à_surveiller,False
16150,88,7,3307.050000000,à_surveiller,False
13192,23,5,2110.960000000,à_surveiller,False
13373,94,4,5262.640000000,à_surveiller,False
15095,21,7,2541.540000000,sain,False
15860,50,12,1945.760000000,sain,False
16670,65,14,5882.470000000,sain,False
16873,15,9,10727.220000000,sain,False
14562,1,12,2786.120000000,sain,False
14878,19,20,3471.440000000,sain,False
16709,17,13,8042.180000000,sain,False
13069,7,29,7930.450000000,sain,False
17978,183,4,1461.760000000,à_risque_critique,True
17256,130,4,386.830000000,à_risque_critique,False
14891,5,3,1001.730000000,à_surveiller,False
17827,60,5,1976.400000000,à_surveiller,False
17758,26,7,2610.660000000,sain,False
13901,74,12,3457.440000000,sain,False
17449,52,9,3749.980000000,sain,False
17281,192,6,797.850000000,à_risque_critique,True
16693,89,4,875.010000000,à_risque_critique,False
16692,74,4,1764.700000000,à_risque_critique,True
13309,24,3,796.220000000,à_risque_critique,False
13427,33,4,638.430000000,à_surveiller,False
13280,134,6,2207.130000000,à_surveiller,False
13630,2,3,1051.840000000,à_surveiller,False
16915,66,7,1088.290000000,à_surveiller,False
17075,71,9,2103.680000000,à_surveiller,False
12853,57,8,2835.400000000,sain,False
17152,12,4,2016.500000000,sain,True
15321,109,10,5120.890000000,sain,False
14112,21,9,4071.940000000,sain,False
13491,65,25,4382.370000000,sain,False
16019,50,24,16169.110000000,sain,False
13534,4,27,4803.900000000,sain,False
18075,22,16,4442.260000000,sain,False
14606,1,143,25627.820000000,sain,False
14430,329,3,1220.900000000,à_risque_critique,True
13474,54,3,663.790000000,à_risque_critique,True
16384,81,3,1183.550000000,à_risque_critique,False
18196,108,3,1224.040000000,à_risque_critique,False
14163,17,3,898.500000000,à_surveiller,False
15623,211,7,2136.020000000,à_surveiller,False
16660,28,5,996.260000000,à_surveiller,False
13819,119,6,2642.350000000,à_surveiller,True
18272,43,5,2287.940000000,à_surveiller,False
14535,66,7,4009.170000000,sain,False
14739,37,21,9692.840000000,sain,False
13777,2,49,41857.580000000,sain,False
17035,63,4,613.590000000,à_surveiller,True
17454,10,10,1547.940000000,sain,True
17098,199,3,591.070000000,à_risque_critique,True
14909,255,3,1404.680000000,à_risque_critique,True
17548,51,4,731.260000000,à_surveiller,True
14264,63,5,1299.090000000,à_surveiller,False
14653,156,5,1833.490000000,à_surveiller,False
15514,43,13,5017.250000000,sain,False
15251,28,12,13935.270000000,sain,False
16787,215,4,1035.430000000,à_risque_critique,True
13288,261,5,927.610000000,à_risque_critique,True
14176,115,5,916.010000000,à_risque_critique,True
14478,200,4,1276.660000000,à_risque_critique,True
15197,70,5,1571.150000000,à_surveiller,False
13476,99,4,1550.600000000,à_surveiller,False
14681,29,4,770.150000000,à_surveiller,False
17284,53,3,1839.570000000,à_surveiller,False
13707,85,5,3365.860000000,à_surveiller,True
13240,75,6,1496.880000000,à_surveiller,False
16275,14,3,2151.110000000,à_surveiller,True
14502,52,6,1070.230000000,à_surveiller,False
13077,108,10,2912.840000000,sain,False
17774,67,7,2696.630000000,sain,False
17719,8,5,1971.460000000,sain,False
14498,4,7,2267.190000000,sain,False
13113,10,29,15235.930000000,sain,False
13178,21,15,11052.920000000,sain,False
15346,150,3,596.120000000,à_risque_critique,True
15771,422,3,1006.540000000,à_risque_critique,True
15590,200,5,1496.600000000,à_risque_critique,True
17436,44,4,440.160000000,à_surveiller,False
16531,112,7,1538.570000000,à_surveiller,False
14481,105,4,1977.840000000,à_surveiller,False
15372,268,7,4009.660000000,à_surveiller,False
14477,2,5,1183.000000000,à_surveiller,False
17320,54,5,2605.250000000,à_surveiller,False
18097,23,8,3422.080000000,sain,False
16125,185,14,4587.650000000,sain,True
14215,4,7,2724.880000000,sain,False
14189,18,9,3316.380000000,sain,False
17857,24,10,10587.040000000,sain,False
15144,35,17,7274.890000000,sain,False
17189,177,4,800.450000000,à_risque_critique,False
15646,64,4,867.010000000,à_risque_critique,False
17411,79,3,932.020000000,à_risque_critique,False
17851,240,6,1563.340000000,à_surveiller,True
17796,131,6,1286.090000000,à_surveiller,False
17754,78,9,3069.510000000,à_surveiller,False
15365,133,7,2451.420000000,à_surveiller,False
17228,25,9,1958.730000000,sain,False
14334,21,9,3444.500000000,sain,False
13602,199,3,596.280000000,à_risque_critique,False
17996,197,3,469.730000000,à_risque_critique,True
16441,109,4,858.280000000,à_risque_critique,False
15253,221,3,1136.890000000,à_risque_critique,False
17679,339,5,1585.500000000,à_risque_critique,False
15439,222,4,1269.050000000,à_risque_critique,True
15579,131,4,1153.500000000,à_surveiller,False
17980,22,3,784.720000000,à_surveiller,False
17822,238,5,2179.650000000,à_surveiller,True
17438,71,5,1422.770000000,à_surveiller,True
18016,4,5,965.660000000,à_surveiller,False
16416,208,6,1921.480000000,à_surveiller,False
14918,222,7,4345.660000000,à_surveiller,False
17268,61,9,1246.730000000,à_surveiller,False
17931,73,13,3326.130000000,sain,False
14648,234,15,4543.600000000,sain,True
17838,110,11,5631.300000000,sain,False
14810,16,10,1727.840000000,sain,False
14896,22,8,2092.420000000,sain,True
17677,30,35,26592.610000000,sain,False
13488,14,16,12150.000000000,sain,False
15301,5,11,5309.000000000,sain,False
14159,5,12,4350.770000000,sain,False
14085,16,24,8453.840000000,sain,False
17819,12,10,5776.670000000,sain,False
14170,193,3,597.330000000,à_risque_critique,True
13641,458,4,942.370000000,à_risque_critique,True
17354,246,3,1750.400000000,à_risque_critique,False
15441,214,3,1254.210000000,à_risque_critique,True
16296,444,4,1313.670000000,à_risque_critique,True
13223,18,6,969.120000000,à_surveiller,True
13799,112,8,2456.410000000,à_surveiller,False
14161,33,7,3318.880000000,sain,True
14249,228,12,5625.460000000,sain,True
14449,64,6,1977.000000000,sain,False
15434,18,7,1832.540000000,sain,False
16470,10,9,2041.870000000,sain,False
13213,1,9,2882.470000000,sain,False
17019,79,10,3720.220000000,sain,False
16767,37,7,5137.910000000,sain,False
17576,1,32,7162.670000000,sain,False
15555,8,26,9082.290000000,sain,False
13278,217,3,882.620000000,à_risque_critique,False
13029,171,3,1062.300000000,à_risque_critique,False
13407,396,3,2244.700000000,à_risque_critique,True
13717,58,4,888.880000000,à_risque_critique,False
17708,5,4,887.930000000,à_surveiller,True
13220,3,4,1243.290000000,à_surveiller,False
17185,409,3,229.460000000,à_risque_critique,True
13595,334,3,818.220000000,à_risque_critique,True
17289,194,6,1134.980000000,à_surveiller,False
16117,7,3,654.400000000,à_surveiller,True
13863,65,4,1239.550000000,à_surveiller,True
13802,72,18,24790.750000000,sain,False
17848,67,25,3106.920000000,sain,False
15722,5,8,3806.190000000,sain,False
17675,5,52,25630.930000000,sain,False
14605,192,4,936.310000000,à_risque_critique,True
13614,148,3,954.480000000,à_risque_critique,False
16366,400,3,1220.830000000,à_risque_critique,False
16199,210,7,942.750000000,à_risque_critique,True
16899,25,4,787.010000000,à_risque_critique,False
17787,122,3,2452.450000000,à_surveiller,False
15067,100,3,2981.170000000,à_surveiller,False
13249,79,7,1189.360000000,à_surveiller,False
17582,54,5,1450.700000000,à_surveiller,True
18135,8,6,677.530000000,à_surveiller,False
14063,504,7,9471.500000000,à_surveiller,True
15182,86,10,2746.580000000,sain,False
13542,194,17,4006.170000000,sain,True
17850,190,155,56600.080000000,sain,True
17669,28,6,4346.630000000,sain,False
13557,98,12,2688.880000000,sain,False
13658,22,5,4319.630000000,sain,False
14422,85,14,6409.190000000,sain,False
15222,136,11,3550.910000000,sain,True
14515,9,8,2412.820000000,sain,False
13883,36,13,5603.670000000,sain,False
17865,22,33,20009.730000000,sain,False
15615,1,36,16196.190000000,sain,False
15601,21,25,12932.150000000,sain,False
15694,5,17,7318.110000000,sain,False
17023,235,3,800.180000000,à_risque_critique,True
14202,199,3,847.760000000,à_risque_critique,True
15591,400,3,217.900000000,à_risque_critique,True
18161,70,3,730.730000000,à_risque_critique,False
16300,248,3,1392.430000000,à_risque_critique,True
13549,10,4,600.150000000,à_surveiller,False
15065,45,3,1575.130000000,à_surveiller,False
15167,138,5,1659.670000000,à_surveiller,True
17651,316,6,1758.520000000,à_surveiller,False
18188,108,4,1706.150000000,à_surveiller,False
16227,43,3,1027.220000000,à_surveiller,True
15797,32,4,2438.880000000,à_surveiller,False
13611,177,8,2450.880000000,à_surveiller,False
14540,127,9,2994.980000000,à_surveiller,False
15625,53,6,2397.470000000,sain,False
14702,99,18,4672.430000000,sain,False
14298,8,68,70161.180000000,sain,False
13102,16,28,9041.990000000,sain,False
16945,19,22,5976.340000000,sain,False
17924,119,3,1076.400000000,à_risque_critique,False
17888,30,20,1273.170000000,sain,False
13451,29,9,5866.010000000,sain,False
16393,3,16,3488.290000000,sain,False
14047,17,12,3582.340000000,sain,False
13442,485,3,419.870000000,à_risque_critique,True
16411,187,3,827.040000000,à_risque_critique,False
17325,98,3,609.570000000,à_risque_critique,True
13154,217,3,1624.840000000,à_risque_critique,True
15221,184,4,2465.450000000,à_surveiller,True
16983,89,7,2401.310000000,à_surveiller,False
14978,53,9,2748.000000000,sain,False
17180,59,10,2025.810000000,sain,False
13771,17,7,4559.220000000,sain,False
16428,231,3,660.280000000,à_risque_critique,True
15504,338,3,359.770000000,à_risque_critique,False
16254,196,3,985.140000000,à_risque_critique,True
17746,58,4,904.180000000,à_risque_critique,True
13253,157,3,2397.190000000,à_surveiller,False
13455,184,5,2540.530000000,à_surveiller,False
17465,243,7,2542.790000000,à_surveiller,True
16801,10,3,1478.880000000,à_surveiller,False
16232,33,5,2088.560000000,à_surveiller,False
15356,36,8,1900.260000000,sain,False
13198,67,5,3660.740000000,sain,False
13183,26,9,4605.480000000,sain,False
15611,9,17,1837.930000000,sain,False
17994,7,10,2186.610000000,sain,False
13589,267,4,741.090000000,à_risque_critique,False
15921,214,3,456.430000000,à_risque_critique,False
17968,191,4,888.040000000,à_risque_critique,True
13074,329,4,1378.740000000,à_risque_critique,True
15614,255,4,3147.360000000,à_risque_critique,True
14699,32,4,702.600000000,à_surveiller,True
14083,17,7,878.300000000,à_surveiller,False
14551,22,6,819.240000000,à_surveiller,False
16208,107,9,3273.780000000,à_surveiller,False
13631,19,4,1330.000000000,à_surveiller,False
16496,25,5,1916.290000000,à_surveiller,False
17147,24,7,2458.470000000,sain,False
15998,80,13,7000.590000000,sain,False
16235,4,7,1851.690000000,sain,False
13481,10,8,3005.270000000,sain,False
15034,50,11,6669.620000000,sain,False
15160,175,4,589.270000000,à_risque_critique,True
16707,218,4,551.110000000,à_risque_critique,True
13304,169,4,1217.990000000,à_surveiller,True
16696,21,3,558.900000000,à_surveiller,False
15114,35,5,1357.470000000,à_surveiller,False
13265,1,3,1465.660000000,à_surveiller,False
15073,3,7,2606.570000000,sain,False
14425,252,3,661.390000000,à_risque_critique,True
15573,436,3,599.730000000,à_risque_critique,False
16977,213,4,496.000000000,à_risque_critique,True
17141,236,4,754.330000000,à_risque_critique,True
15600,246,4,1199.310000000,à_risque_critique,True
16040,86,5,1525.780000000,à_surveiller,False
16290,282,4,2069.300000000,à_surveiller,True
16628,36,4,842.960000000,à_surveiller,False
16797,211,5,1827.770000000,à_surveiller,True
15906,37,6,1671.110000000,à_surveiller,False
17987,3,5,1003.640000000,à_surveiller,True
13700,58,8,1292.000000000,à_surveiller,False
13750,114,8,2643.720000000,à_surveiller,False
13772,57,6,2210.510000000,sain,False
14745,2,9,1933.220000000,sain,False
18178,37,10,5612.870000000,sain,False
14209,31,12,4002.990000000,sain,False
13952,35,14,12823.520000000,sain,True
13785,246,4,542.490000000,à_risque_critique,True
16860,270,3,1610.620000000,à_risque_critique,True
16392,87,3,761.800000000,à_risque_critique,True
13921,220,4,730.700000000,à_risque_critique,True
17713,200,4,1198.090000000,à_risque_critique,True
17912,128,6,372.550000000,à_surveiller,True
17176,19,3,902.320000000,à_surveiller,True
18179,70,6,1857.540000000,à_surveiller,False
14290,179,4,2979.470000000,à_surveiller,False
17062,131,6,1198.140000000,à_surveiller,True
17047,23,5,1937.760000000,à_surveiller,False
16200,200,10,4562.830000000,sain,False
18116,52,12,1987.140000000,sain,False
15750,101,13,4944.280000000,sain,False
14051,31,25,12657.090000000,sain,False
14282,21,15,5929.500000000,sain,False
14695,337,3,1620.070000000,à_risque_critique,True
13031,225,5,3419.270000000,à_surveiller,True
14824,197,6,2895.200000000,à_surveiller,False
12826,134,8,2178.130000000,à_surveiller,False
15959,500,3,579.490000000,à_risque_critique,True
14962,88,4,366.910000000,à_risque_critique,True
15587,169,4,953.280000000,à_risque_critique,False
18085,148,4,1645.750000000,à_risque_critique,True
16872,2,4,921.470000000,à_surveiller,False
13203,60,7,1944.500000000,sain,False
16098,3,11,3664.690000000,sain,False
17801,269,3,798.330000000,à_risque_critique,True
15870,214,3,508.520000000,à_risque_critique,False
16596,184,3,450.130000000,à_risque_critique,False
13042,416,3,1556.540000000,à_risque_critique,True
14157,103,4,847.070000000,à_risque_critique,False
14306,196,4,1058.080000000,à_risque_critique,False
17639,94,6,615.170000000,à_surveiller,True
15917,65,5,560.630000000,à_surveiller,True
14665,114,5,1645.610000000,à_surveiller,False
18258,282,6,2059.670000000,à_surveiller,True
18259,184,5,2355.900000000,à_surveiller,False
15057,93,5,3255.960000000,à_surveiller,True
14958,3,5,850.540000000,à_surveiller,False
13692,31,4,2497.660000000,à_surveiller,False
12820,144,8,1917.640000000,à_surveiller,False
17002,33,6,2071.340000000,sain,False
18177,22,7,1589.100000000,sain,False
16889,12,6,2530.900000000,sain,True
16570,23,13,5169.140000000,sain,False
16931,12,11,2532.510000000,sain,False
16710,25,18,5503.690000000,sain,False
16071,345,3,750.560000000,à_risque_critique,False
15958,221,3,388.640000000,à_risque_critique,False
16017,235,4,1341.950000000,à_risque_critique,False
16122,150,4,566.760000000,à_risque_critique,False
18252,366,5,1015.420000000,à_risque_critique,False
14186,245,5,1550.630000000,à_risque_critique,True
14984,206,4,1058.140000000,à_risque_critique,False
16130,240,4,987.480000000,à_risque_critique,True
14304,40,3,1725.010000000,à_surveiller,True
17702,24,3,1759.470000000,à_surveiller,False
14315,9,4,1572.890000000,à_surveiller,False
15150,4,5,5004.680000000,sain,False
13495,50,8,4401.820000000,sain,False
16258,37,11,7771.470000000,sain,False
14180,3,24,5004.350000000,sain,False
14570,98,3,512.400000000,à_risque_critique,True
15142,228,5,2121.180000000,à_surveiller,False
17572,56,8,648.460000000,à_surveiller,False
13157,59,7,4444.080000000,sain,False
16830,260,3,881.590000000,à_risque_critique,False
16354,197,3,733.710000000,à_risque_critique,False
17244,201,4,871.140000000,à_risque_critique,False
17625,75,5,4570.480000000,à_surveiller,False
15381,31,5,1890.570000000,à_surveiller,True
16241,30,7,2552.350000000,sain,False
16265,78,8,4163.310000000,sain,False
16743,29,10,3076.920000000,sain,False
16412,211,4,495.400000000,à_risque_critique,False
12977,319,3,478.390000000,à_risque_critique,False
16155,199,5,796.900000000,à_risque_critique,True
12960,231,4,1322.070000000,à_risque_critique,True
14831,498,3,1676.570000000,à_risque_critique,True
15512,177,3,311.780000000,à_risque_critique,False
15881,130,5,501.390000000,à_risque_critique,True
17580,70,5,542.320000000,à_risque_critique,True
16036,81,3,1986.650000000,à_surveiller,False
13544,58,5,660.500000000,à_surveiller,False
15140,16,4,2016.890000000,à_surveiller,False
15426,75,6,1830.980000000,à_surveiller,False
14134,200,15,11123.350000000,sain,True
13971,32,9,2883.830000000,sain,False
14867,3,16,2952.060000000,sain,True
15867,1,26,7260.690000000,sain,False
16722,1,15,6511.730000000,sain,False
17365,17,11,5320.610000000,sain,False
16868,212,3,393.390000000,à_risque_critique,True
16138,196,3,910.350000000,à_risque_critique,True
13296,241,5,705.110000000,à_risque_critique,False
17816,87,4,97.070000000,à_risque_critique,False
17695,212,3,980.700000000,à_risque_critique,False
14727,92,3,465.230000000,à_risque_critique,True
13310,24,4,1226.820000000,à_surveiller,False
16668,32,9,678.280000000,à_surveiller,False
17515,24,8,1549.810000000,à_surveiller,False
15764,2,5,2917.630000000,sain,False
17262,45,10,2459.620000000,sain,False
14447,14,3,1149.530000000,à_surveiller,False
14316,240,5,1370.340000000,à_risque_critique,True
14336,16,3,1114.390000000,à_surveiller,False
14584,1,7,1534.460000000,sain,False
14837,19,6,2303.080000000,sain,False
13450,22,9,2754.860000000,sain,False
14426,94,10,8741.850000000,sain,False
16652,30,12,13831.040000000,sain,False
15805,3,20,7365.170000000,sain,False
17101,212,3,885.320000000,à_risque_critique,False
17571,95,3,565.190000000,à_risque_critique,False
13049,136,3,905.340000000,à_risque_critique,False
12855,190,4,650.940000000,à_risque_critique,True
15124,9,3,357.380000000,à_surveiller,False
14987,183,7,1550.650000000,à_surveiller,False
12987,15,4,1057.810000000,à_surveiller,False
15732,30,10,1682.070000000,sain,True
12891,3,11,840.500000000,sain,True
17092,95,8,3952.080000000,sain,False
14408,7,7,2585.030000000,sain,False
15270,56,18,7459.120000000,sain,False
16353,35,26,5479.030000000,sain,False
15058,1,11,2296.350000000,sain,False
15527,37,18,4045.050000000,sain,False
13081,35,24,45331.280000000,sain,False
17686,18,6,5594.100000000,sain,False
13013,30,20,10187.120000000,sain,False
15281,15,13,8138.830000000,sain,False
13078,18,41,21371.670000000,sain,False
13831,18,15,5918.580000000,sain,False
13267,17,28,7446.910000000,sain,False
15283,208,3,148.330000000,à_risque_critique,True
14504,61,3,542.710000000,à_risque_critique,False
13439,73,3,986.610000000,à_risque_critique,True
15918,8,3,582.880000000,à_surveiller,True
16134,177,4,1810.780000000,à_surveiller,False
14038,25,3,2225.820000000,à_surveiller,False
13531,23,6,1738.520000000,à_surveiller,True
17955,16,6,949.900000000,à_surveiller,True
13615,136,8,6272.530000000,sain,True
17863,72,9,3957.100000000,sain,False
17314,74,12,3163.510000000,sain,False
16748,35,12,3031.630000000,sain,False
15241,1,7,2359.080000000,sain,False
16210,31,24,27976.420000000,sain,False
18008,21,21,19736.350000000,sain,False
14466,5,10,3720.200000000,sain,False
17288,25,9,1743.950000000,à_surveiller,False
14078,2,8,1469.520000000,sain,False
15563,18,5,2202.180000000,sain,False
14048,123,3,748.690000000,à_risque_critique,True
13433,319,4,658.320000000,à_risque_critique,True
14236,190,4,1443.080000000,à_risque_critique,False
17635,242,3,1265.580000000,à_risque_critique,True
17797,213,5,1205.440000000,à_risque_critique,False
17145,330,4,3120.910000000,à_risque_critique,True
13821,79,5,1295.240000000,à_surveiller,False
16347,206,9,2621.760000000,à_surveiller,False
13497,100,6,1320.330000000,à_surveiller,True
14004,106,5,2575.830000000,à_surveiller,False
13695,7,6,892.520000000,à_surveiller,False
18236,4,8,1217.610000000,sain,False
16638,75,11,1961.250000000,sain,False
13634,60,12,4078.030000000,sain,False
14735,14,41,8729.880000000,sain,False
16390,354,3,467.500000000,à_risque_critique,True
13041,268,4,799.130000000,à_risque_critique,True
17995,99,3,495.480000000,à_risque_critique,True
15562,169,3,673.380000000,à_risque_critique,True
13515,65,3,578.100000000,à_risque_critique,False
14618,155,5,1000.680000000,à_surveiller,False
16419,93,4,1032.120000000,à_surveiller,False
14256,78,5,2473.990000000,à_surveiller,True
15416,57,5,2862.930000000,à_surveiller,False
13340,94,6,15042.110000000,sain,False
17930,57,9,2925.340000000,sain,False
14770,50,8,3637.640000000,sain,True
17220,24,12,2742.380000000,sain,False
14195,19,6,2615.600000000,sain,True
18087,108,16,13908.720000000,sain,True
16791,31,12,2880.310000000,sain,False
12823,72,16,5736.500000000,sain,False
13269,36,18,5593.700000000,sain,False
16455,22,9,3676.970000000,sain,False
14230,253,3,979.800000000,à_risque_critique,True
13797,254,3,1179.450000000,à_risque_critique,True
17753,282,4,390.560000000,à_risque_critique,True
17616,72,3,897.600000000,à_risque_critique,False
14949,287,4,515.000000000,à_risque_critique,True
17082,136,5,3365.120000000,à_surveiller,False
13334,8,4,5458.770000000,sain,False
14573,18,11,2346.900000000,sain,False
16011,2,20,3744.460000000,sain,False
16525,2,38,19742.300000000,sain,False
17780,485,3,352.910000000,à_risque_critique,True
15259,330,4,1182.380000000,à_risque_critique,True
15245,5,7,3832.720000000,sain,False
13584,124,3,392.450000000,à_risque_critique,True
17349,198,4,741.500000000,à_risque_critique,False
16772,241,3,3723.550000000,à_surveiller,True
13753,105,4,2094.570000000,à_surveiller,True
14044,127,7,2640.270000000,à_surveiller,False
14461,79,11,5386.670000000,sain,False
17807,213,3,437.870000000,à_risque_critique,True
13080,219,3,222.650000000,à_risque_critique,False
18057,211,3,1182.390000000,à_risque_critique,True
15847,106,4,613.980000000,à_risque_critique,False
14077,43,3,315.270000000,à_risque_critique,False
17856,51,3,1142.630000000,à_surveiller,False
13440,241,7,1295.250000000,à_surveiller,True
13479,18,4,851.370000000,à_surveiller,True
14201,4,7,857.200000000,à_surveiller,False
15024,114,9,3102.270000000,à_surveiller,False
15400,2,5,1044.900000000,à_surveiller,False
18036,63,9,1268.820000000,à_surveiller,False
12749,31,5,3665.580000000,sain,False
17550,15,9,2547.640000000,sain,True
18061,24,23,5560.180000000,sain,False
16713,53,25,10249.190000000,sain,False
14101,15,11,8144.530000000,sain,False
16469,64,3,455.360000000,à_risque_critique,False
15101,177,5,1262.690000000,à_surveiller,False
17676,184,5,1678.860000000,à_surveiller,False
16197,287,9,2016.710000000,à_surveiller,True
13693,192,9,2011.820000000,à_surveiller,True
14548,135,8,2301.090000000,à_surveiller,False
15810,50,6,2461.180000000,sain,False
13048,56,7,3188.220000000,sain,False
17162,8,8,1165.280000000,sain,False
17470,35,9,2302.910000000,sain,False
16444,12,15,3241.990000000,sain,False
16156,24,14,4156.710000000,sain,False
17809,35,14,8576.180000000,sain,False
15093,24,21,13125.770000000,sain,False
17663,16,13,4163.730000000,sain,False
15498,7,30,19866.030000000,sain,False
13283,3,3,305.200000000,à_surveiller,False
17886,28,5,1105.030000000,à_surveiller,False
17081,213,4,674.230000000,à_risque_critique,False
17525,177,3,1161.900000000,à_risque_critique,True
15687,4,5,1679.450000000,à_surveiller,False
13953,28,8,4875.000000000,sain,False
15544,29,15,6375.190000000,sain,False
13820,236,3,660.650000000,à_risque_critique,True
13399,282,3,275.400000000,à_risque_critique,True
12915,190,3,1010.750000000,à_risque_critique,False
16250,79,3,791.380000000,à_risque_critique,True
17666,295,3,1319.640000000,à_risque_critique,False
17740,207,6,426.900000000,à_risque_critique,True
17027,101,6,880.700000000,à_surveiller,False
13259,215,8,1137.310000000,à_surveiller,False
14493,208,5,2746.910000000,à_surveiller,False
14276,107,5,1324.140000000,à_surveiller,False
15661,135,8,1215.950000000,à_surveiller,True
14320,24,5,1346.750000000,à_surveiller,True
17672,127,5,3663.410000000,à_surveiller,False
13405,22,5,1198.810000000,à_surveiller,True
15983,178,7,3632.070000000,sain,False
17414,2,5,2069.520000000,sain,False
17858,79,24,10261.790000000,sain,False
18242,14,6,2066.800000000,sain,False
17526,108,11,3842.940000000,sain,False
12971,8,71,9642.220000000,sain,False
16592,1,20,5215.210000000,sain,False
16672,2,10,4154.340000000,sain,False
16839,3,24,12759.410000000,sain,False
16843,15,25,13216.760000000,sain,False
17223,128,3,803.530000000,à_risque_critique,True
15713,184,3,825.240000000,à_risque_critique,False
17860,186,4,1015.540000000,à_risque_critique,True
17033,32,3,910.750000000,à_risque_critique,False
12955,21,3,697.420000000,à_surveiller,False
14396,189,6,1744.290000000,à_surveiller,False
17631,50,5,772.710000000,à_surveiller,False
13243,21,5,1278.040000000,à_surveiller,True
16871,28,4,2037.820000000,à_surveiller,False
17969,179,19,2266.940000000,sain,False
15985,54,6,2472.440000000,sain,False
16954,72,14,4938.280000000,sain,False
13561,33,11,1820.720000000,sain,True
15547,12,19,7549.680000000,sain,False
17472,9,4,935.100000000,à_surveiller,True
17552,190,10,2453.400000000,à_surveiller,False
15489,29,6,1633.590000000,à_surveiller,False
15331,317,3,767.910000000,à_risque_critique,True
13807,185,3,534.800000000,à_risque_critique,True
14976,14,3,450.260000000,à_surveiller,False
15632,43,3,1242.500000000,à_surveiller,False
17095,117,6,1792.050000000,à_surveiller,False
13786,185,6,3358.940000000,à_surveiller,True
17230,82,18,9924.950000000,sain,True
16325,63,10,3194.080000000,sain,False
15981,28,17,7576.490000000,sain,False
13426,56,16,5811.080000000,sain,False
13617,226,5,734.570000000,à_risque_critique,False
14350,92,3,972.030000000,à_risque_critique,True
17334,120,3,635.150000000,à_risque_critique,True
17800,35,3,354.850000000,à_risque_critique,False
16555,323,4,1629.790000000,à_risque_critique,False
16625,92,5,1654.030000000,à_surveiller,True
13487,31,4,680.270000000,à_surveiller,False
14399,212,8,2113.160000000,à_surveiller,True
15976,38,5,1511.590000000,à_surveiller,False
12948,32,5,1138.740000000,à_surveiller,False
14905,51,7,1663.790000000,à_surveiller,False
12840,32,5,2893.170000000,à_surveiller,False
18173,17,4,2318.360000000,sain,False
15641,78,11,4763.730000000,sain,False
17685,84,10,4264.360000000,sain,False
15298,5,16,6436.670000000,sain,False
14953,236,3,721.450000000,à_risque_critique,False
18006,199,3,553.180000000,à_risque_critique,False
17200,205,4,356.710000000,à_risque_critique,True
15803,263,3,1513.840000000,à_risque_critique,False
13672,119,3,419.920000000,à_risque_critique,True
15392,178,4,1715.070000000,à_risque_critique,False
15447,148,5,492.880000000,à_risque_critique,True
14634,255,4,2124.460000000,à_risque_critique,True
13232,14,3,691.300000000,à_surveiller,False
16891,189,7,1479.380000000,à_surveiller,False
17621,130,5,2697.000000000,à_surveiller,False
13988,18,4,1965.920000000,à_surveiller,False
13285,44,4,1828.740000000,à_surveiller,False
15602,18,12,2475.590000000,sain,False
14679,199,3,1289.440000000,à_risque_critique,True
17290,199,6,915.720000000,à_risque_critique,False
17122,206,3,432.180000000,à_risque_critique,False
17553,290,3,2270.000000000,à_risque_critique,False
14379,113,3,1031.790000000,à_risque_critique,False
16595,194,4,1450.020000000,à_risque_critique,False
17360,2,4,976.540000000,à_surveiller,False
13475,9,4,1431.780000000,à_surveiller,True
16279,203,6,4195.500000000,à_surveiller,False
17448,347,41,14481.970000000,sain,True
15358,25,31,13066.280000000,sain,False
12989,18,25,9955.580000000,sain,False
16894,320,3,1324.060000000,à_risque_critique,True
18001,267,4,536.610000000,à_risque_critique,False
14321,151,3,1014.130000000,à_risque_critique,False
16835,191,5,1439.310000000,à_risque_critique,False
13835,33,4,589.150000000,à_surveiller,False
16203,45,4,839.940000000,à_surveiller,False
15299,81,7,5919.540000000,sain,False
14623,4,7,1563.510000000,sain,False
15002,114,8,4323.110000000,sain,False
14676,25,9,6957.070000000,sain,False
17211,51,10,2983.370000000,sain,False
14970,70,10,4109.540000000,sain,False
15291,65,33,11812.850000000,sain,False
17091,3,15,5977.750000000,sain,False
16745,1,10,4123.040000000,sain,False
16556,19,14,6337.610000000,sain,False
17350,212,3,619.970000000,à_risque_critique,False
13514,246,3,663.700000000,à_risque_critique,False
16330,242,4,382.420000000,à_risque_critique,False
16934,201,4,1160.060000000,à_risque_critique,False
14127,74,5,1642.600000000,à_surveiller,False
16859,79,6,1444.440000000,à_surveiller,False
16833,77,5,1973.800000000,à_surveiller,False
13268,16,5,1837.780000000,sain,False
17591,21,6,2200.270000000,sain,False
13880,4,10,2511.460000000,sain,False
16607,25,18,4076.220000000,sain,False
15079,30,11,3767.350000000,sain,True
18118,4,18,4596.540000000,sain,False
13230,19,25,5342.790000000,sain,False
13408,8,70,35121.330000000,sain,False
16746,12,32,14256.220000000,sain,False
15424,72,3,597.780000000,à_risque_critique,True
14129,78,5,1826.380000000,à_surveiller,False
17160,43,13,7896.200000000,sain,False
15191,281,3,588.050000000,à_risque_critique,True
15268,296,3,961.900000000,à_risque_critique,True
17421,204,3,1059.410000000,à_risque_critique,True
17604,35,6,945.930000000,à_surveiller,True
15808,124,21,18409.930000000,sain,True
16081,3,6,2645.650000000,sain,False
15078,8,34,12192.930000000,sain,False
17998,198,3,639.240000000,à_risque_critique,True
16798,372,3,848.710000000,à_risque_critique,True
17845,373,4,598.190000000,à_risque_critique,True
13057,348,3,722.090000000,à_risque_critique,True
13277,198,3,264.900000000,à_risque_critique,False
15149,395,3,1003.810000000,à_risque_critique,False
17341,184,3,1622.070000000,à_risque_critique,False
17342,197,4,1227.540000000,à_risque_critique,True
13804,107,3,1296.360000000,à_risque_critique,False
14924,63,3,931.010000000,à_risque_critique,True
17114,26,4,446.090000000,à_surveiller,False
17671,29,3,1617.360000000,à_surveiller,False
17348,115,5,1464.940000000,à_surveiller,False
17567,51,5,2898.520000000,à_surveiller,False
16065,183,8,2382.620000000,à_surveiller,True
13632,51,5,2139.910000000,à_surveiller,False
17921,84,7,1877.550000000,à_surveiller,False
16906,4,6,1263.120000000,sain,False
13510,1,8,3352.050000000,sain,False
12913,100,11,5083.620000000,sain,False
14292,22,9,5479.530000000,sain,False
14796,35,19,6345.900000000,sain,False
14465,64,11,3946.030000000,sain,True
18109,12,23,4325.420000000,sain,False
15183,365,3,639.930000000,à_risque_critique,True
18181,218,4,823.140000000,à_risque_critique,False
13567,246,4,1083.690000000,à_risque_critique,True
15879,222,4,1157.300000000,à_risque_critique,True
17080,87,6,746.230000000,à_surveiller,False
13417,23,5,1264.660000000,à_surveiller,False
15304,36,6,606.750000000,à_surveiller,False
16062,59,6,2288.010000000,à_surveiller,False
14235,44,6,2837.680000000,sain,False
14696,5,5,1860.340000000,sain,False
14732,4,15,4097.780000000,sain,False
15727,16,12,7517.420000000,sain,False
17231,8,21,5756.170000000,sain,False
14709,5,17,5908.330000000,sain,False
14556,414,3,835.340000000,à_risque_critique,True
16080,92,3,515.660000000,à_risque_critique,False
15529,28,8,3046.380000000,sain,False
16191,80,19,13123.180000000,sain,False
16558,10,28,8985.600000000,sain,False
17491,2,11,3747.060000000,sain,False
14450,61,6,914.640000000,à_surveiller,False
14421,29,5,2111.440000000,à_surveiller,False
17096,79,8,2870.540000000,à_surveiller,False
16515,64,7,2211.500000000,sain,False
14113,172,13,5685.690000000,sain,False
16293,25,9,3538.700000000,sain,False
17338,23,14,9141.890000000,sain,False
18092,2,14,11781.220000000,sain,False
15640,3,22,18187.340000000,sain,False
14714,225,3,746.050000000,à_risque_critique,False
15873,317,4,313.920000000,à_risque_critique,True
15028,186,3,716.550000000,à_risque_critique,False
13005,64,3,807.630000000,à_risque_critique,False
17984,210,4,1035.090000000,à_risque_critique,False
13360,249,4,1503.650000000,à_risque_critique,True
14479,71,4,1299.110000000,à_surveiller,True
14819,10,3,282.810000000,à_surveiller,False
14868,51,5,1669.750000000,à_surveiller,False
16600,71,9,1577.350000000,à_surveiller,False
18190,10,5,745.620000000,à_surveiller,True
13752,2,5,1295.980000000,à_surveiller,False
17190,25,6,1491.460000000,à_surveiller,False
17588,50,5,2096.550000000,à_surveiller,False
16072,106,4,4328.890000000,à_surveiller,True
15062,35,7,2411.800000000,sain,False
15032,74,8,13780.650000000,sain,True
14907,178,12,3625.380000000,sain,False
13092,29,11,2102.200000000,sain,False
15005,5,41,10738.750000000,sain,False
16782,22,32,9506.810000000,sain,False
13162,2,15,8892.640000000,sain,False
13263,9,19,4697.340000000,sain,False
15311,3,161,89434.370000000,sain,False
17545,208,3,802.580000000,à_risque_critique,False
17212,71,3,794.410000000,à_risque_critique,True
16292,198,4,951.510000000,à_risque_critique,False
16129,225,3,1396.050000000,à_risque_critique,True
15822,177,5,1394.790000000,à_surveiller,False
17239,130,4,1189.450000000,à_surveiller,True
15173,198,7,1494.600000000,à_surveiller,True
16584,72,4,2839.530000000,à_surveiller,False
16718,187,5,3647.530000000,à_surveiller,True
17723,9,4,1263.800000000,à_surveiller,False
14293,123,7,2729.390000000,à_surveiller,False
18069,53,8,3177.550000000,sain,False
12867,32,10,5615.010000000,sain,False
12916,19,6,3960.650000000,sain,False
13199,15,44,10340.930000000,sain,False
16923,5,24,9963.240000000,sain,False
13884,95,8,1297.130000000,à_surveiller,False
16341,19,4,2676.570000000,sain,False
14247,96,5,772.660000000,à_risque_critique,True
17382,253,7,836.880000000,à_risque_critique,False
16121,33,4,897.870000000,à_surveiller,False
16996,63,7,1367.530000000,à_surveiller,False
14462,3,8,1401.710000000,sain,False
13715,99,17,8483.290000000,sain,True
12839,1,17,6180.680000000,sain,False
16550,3,16,8556.590000000,sain,False
15070,190,3,843.250000000,à_risque_critique,True
13333,229,3,1015.740000000,à_risque_critique,True
16158,340,9,628.320000000,à_risque_critique,True
18277,215,4,1069.670000000,à_risque_critique,False
13145,190,4,1100.000000000,à_risque_critique,False
13032,210,7,1833.370000000,à_surveiller,False
18095,130,5,2303.090000000,à_surveiller,True
13740,58,5,1597.770000000,à_surveiller,True
17530,24,8,2119.780000000,sain,False
12976,29,8,3156.380000000,sain,True
17742,150,10,2045.940000000,sain,False
15312,33,10,2613.240000000,sain,False
13662,30,10,1885.290000000,sain,False
17377,73,65,15811.070000000,sain,False
17965,70,21,5944.690000000,sain,False
15367,63,9,4619.920000000,sain,False
17085,68,27,7535.260000000,sain,False
17402,1,15,3472.980000000,sain,False
13004,1,26,8755.960000000,sain,False
15955,21,11,5687.720000000,sain,False
17469,22,13,3485.640000000,sain,False
15382,2,10,9904.960000000,sain,False
14228,255,3,745.500000000,à_risque_critique,True
15542,330,3,918.450000000,à_risque_critique,True
17322,194,5,922.590000000,à_risque_critique,True
13598,313,4,609.420000000,à_risque_critique,False
13393,401,4,1131.450000000,à_risque_critique,True
16658,186,5,804.070000000,à_risque_critique,True
15215,211,4,1687.490000000,à_risque_critique,False
16332,123,5,536.990000000,à_risque_critique,False
13320,31,4,1188.010000000,à_surveiller,False
14275,213,6,1189.380000000,à_surveiller,True
15422,141,7,1619.970000000,à_surveiller,True
16175,22,5,1265.830000000,à_surveiller,False
17400,28,7,3859.610000000,sain,False
16242,32,9,4264.090000000,sain,False
18145,22,9,3780.020000000,sain,False
15856,21,33,24772.240000000,sain,False
17920,18,42,21862.150000000,sain,False
17763,81,4,86.150000000,à_risque_critique,True
15680,184,8,3652.790000000,sain,False
13854,14,30,9303.980000000,sain,False
15664,267,3,845.100000000,à_risque_critique,False
18203,199,3,334.000000000,à_risque_critique,False
12956,124,4,521.890000000,à_risque_critique,True
17765,28,3,421.470000000,à_risque_critique,False
15141,275,7,1388.470000000,à_surveiller,True
13939,129,5,1176.910000000,à_surveiller,False
16225,95,12,2187.700000000,sain,False
16003,177,6,4059.460000000,sain,False
15841,36,7,2131.610000000,sain,False
16634,40,6,1814.610000000,sain,True
16729,8,10,3125.500000000,sain,False
17757,9,41,6254.850000000,sain,False
14302,248,3,742.900000000,à_risque_critique,True
15323,380,3,434.600000000,à_risque_critique,True
16519,183,3,444.880000000,à_risque_critique,False
15181,87,3,810.720000000,à_risque_critique,False
17045,65,3,528.190000000,à_risque_critique,False
15384,177,3,1688.950000000,à_risque_critique,False
15325,213,7,1439.720000000,à_surveiller,False
17714,138,5,1410.180000000,à_surveiller,True
17540,134,5,1280.500000000,à_surveiller,False
17142,57,4,1283.750000000,à_surveiller,True
14662,52,6,1170.020000000,à_surveiller,False
17623,227,6,1856.620000000,à_surveiller,False
13014,38,4,3242.830000000,à_surveiller,False
14409,136,6,2362.740000000,à_surveiller,False
15696,38,11,2808.010000000,sain,False
17659,2,7,1963.350000000,sain,False
16612,4,7,2766.670000000,sain,False
15674,33,11,5546.580000000,sain,False
18144,30,14,3774.900000000,sain,False
17954,2,15,3148.920000000,sain,False
13448,36,10,6765.050000000,sain,False
14227,14,12,5414.720000000,sain,False
12921,2,52,25405.270000000,sain,False
14104,207,3,552.370000000,à_risque_critique,False
17561,208,3,554.720000000,à_risque_critique,False
17255,117,3,613.180000000,à_risque_critique,False
17432,203,7,1385.630000000,à_surveiller,False
17950,183,6,1213.780000000,à_surveiller,False
13862,5,5,1499.240000000,à_surveiller,False
13421,108,7,3066.580000000,à_surveiller,False
17966,2,7,1159.490000000,sain,False
16904,43,11,2662.470000000,sain,False
13871,24,9,3878.330000000,sain,False
14534,4,17,3683.310000000,sain,False
16623,63,4,1015.240000000,à_surveiller,True
14626,51,8,3206.550000000,sain,False
14344,24,18,3089.650000000,sain,False
13018,14,18,6159.420000000,sain,False
13579,187,4,1236.700000000,à_risque_critique,False
14628,60,4,1657.620000000,à_surveiller,False
15210,43,3,1176.190000000,à_surveiller,True
17926,21,4,849.930000000,à_surveiller,False
13395,3,3,1180.230000000,à_surveiller,True
14152,52,6,1690.560000000,à_surveiller,False
14401,133,11,3296.540000000,sain,False
18283,18,11,1174.870000000,sain,False
17050,5,9,3823.410000000,sain,False
15394,22,9,4539.700000000,sain,False
15684,365,3,173.950000000,à_risque_critique,True
17420,191,4,616.450000000,à_risque_critique,False
14437,183,5,958.840000000,à_risque_critique,True
14423,36,3,916.610000000,à_risque_critique,True
15272,268,4,1363.540000000,à_risque_critique,False
16500,148,4,608.050000000,à_risque_critique,False
13484,59,3,790.720000000,à_risque_critique,True
15780,1,3,475.280000000,à_surveiller,True
16233,147,8,1755.530000000,à_surveiller,False
14226,28,3,2479.740000000,à_surveiller,False
14229,109,6,1808.970000000,à_surveiller,False
17362,57,7,1024.040000000,à_surveiller,True
14590,242,20,3006.620000000,à_surveiller,True
14866,184,7,6554.000000000,sain,False
13174,134,10,8763.180000000,sain,False
17059,15,7,4018.160000000,sain,False
16553,23,30,15655.370000000,sain,False
13969,1,24,6310.390000000,sain,False
15249,14,10,5418.910000000,sain,False
14056,2,11,3695.320000000,sain,False
15189,2,22,6829.200000000,sain,False
18231,10,28,6875.070000000,sain,True
16436,486,3,329.340000000,à_risque_critique,True
15207,234,3,683.920000000,à_risque_critique,True
14454,194,5,977.300000000,à_risque_critique,True
17242,274,3,1754.240000000,à_risque_critique,False
16212,101,3,1101.520000000,à_risque_critique,False
13384,208,4,2528.900000000,à_risque_critique,False
17492,66,3,1122.420000000,à_surveiller,True
15852,4,3,257.260000000,à_surveiller,True
16119,212,6,1297.450000000,à_surveiller,False
13873,36,7,879.720000000,à_surveiller,False
17429,3,4,1208.680000000,à_surveiller,False
17615,21,5,675.900000000,à_surveiller,False
17115,51,5,2234.010000000,à_surveiller,False
16115,30,7,1418.070000000,à_surveiller,False
14553,36,6,1294.590000000,à_surveiller,False
12982,60,8,2744.810000000,sain,True
16593,7,7,996.610000000,sain,False
16775,23,9,2053.030000000,sain,False
14621,5,6,1848.520000000,sain,False
15482,68,10,4975.040000000,sain,False
13795,206,4,836.300000000,à_risque_critique,True
13413,457,6,429.440000000,à_risque_critique,True
14872,301,3,816.600000000,à_risque_critique,True
12829,154,3,385.300000000,à_risque_critique,True
16042,150,4,1092.800000000,à_risque_critique,False
13663,198,4,1858.040000000,à_surveiller,False
17871,22,5,1118.990000000,à_surveiller,True
17673,4,10,3671.710000000,sain,False
16126,2,13,10203.030000000,sain,False
13998,264,3,566.700000000,à_risque_critique,True
17209,467,3,611.600000000,à_risque_critique,True
16183,212,3,739.100000000,à_risque_critique,False
15960,192,4,410.950000000,à_risque_critique,True
13262,81,3,573.450000000,à_risque_critique,True
15314,17,3,820.450000000,à_surveiller,True
18073,3,3,504.240000000,à_surveiller,False
13857,211,6,1000.910000000,à_surveiller,True
12875,180,4,1307.520000000,à_surveiller,False
13242,31,6,533.000000000,à_surveiller,False
16823,45,7,2260.090000000,sain,True
13870,105,8,3485.170000000,sain,False
17083,113,8,3640.030000000,sain,False
16905,54,13,2783.150000000,sain,False
13719,23,8,2111.330000000,sain,False
15819,17,8,3206.480000000,sain,False
14766,31,8,5248.970000000,sain,False
13082,53,17,5682.300000000,sain,False
13957,235,3,458.250000000,à_risque_critique,True
15637,231,4,574.230000000,à_risque_critique,False
17808,366,4,262.640000000,à_risque_critique,True
15262,141,3,418.820000000,à_risque_critique,True
16827,211,5,387.180000000,à_risque_critique,True
14585,200,4,986.220000000,à_risque_critique,False
14346,115,4,1556.610000000,à_surveiller,False
13019,197,6,1229.950000000,à_surveiller,True
15339,136,6,1511.670000000,à_surveiller,False
15021,36,6,1554.100000000,à_surveiller,False
16825,3,4,1370.410000000,à_surveiller,False
15845,28,6,2251.670000000,sain,False
15235,35,16,2937.810000000,sain,True
13975,33,8,3794.170000000,sain,False
15570,24,21,7670.940000000,sain,False
13842,17,15,4072.760000000,sain,False
17730,3,12,4506.720000000,sain,False
16861,208,3,772.830000000,à_risque_critique,False
17853,225,3,1608.190000000,à_risque_critique,True
13648,218,8,1759.070000000,à_surveiller,True
15538,355,6,3358.400000000,à_surveiller,True
12849,86,5,2717.680000000,à_surveiller,False
16177,254,7,1915.360000000,à_surveiller,False
15777,59,7,1762.610000000,à_surveiller,True
14669,59,7,3243.930000000,sain,True
15199,53,8,2510.850000000,sain,False
16841,3,9,3079.420000000,sain,False
13115,2,7,4078.470000000,sain,False
14062,57,18,19973.980000000,sain,False
14558,472,3,655.500000000,à_risque_critique,True
17067,542,3,454.540000000,à_risque_critique,True
14322,247,4,474.100000000,à_risque_critique,True
16231,197,4,1078.220000000,à_risque_critique,True
13666,105,4,106.450000000,à_risque_critique,False
17358,121,5,866.050000000,à_risque_critique,True
14342,28,3,559.480000000,à_risque_critique,False
13201,320,4,1240.610000000,à_risque_critique,True
14805,131,4,659.240000000,à_risque_critique,False
15326,151,5,1700.520000000,à_surveiller,True
15347,184,4,1363.600000000,à_surveiller,True
16471,92,4,1189.980000000,à_surveiller,True
16283,26,4,3110.820000000,à_surveiller,False
15834,95,5,2818.110000000,à_surveiller,False
14492,248,7,1921.910000000,à_surveiller,True
13764,155,4,1923.440000000,à_surveiller,False
15265,53,3,2551.760000000,à_surveiller,False
15757,35,5,2487.300000000,à_surveiller,False
13782,52,9,1243.020000000,à_surveiller,False
16571,99,8,3263.730000000,à_surveiller,False
15596,32,8,3113.140000000,sain,False
13317,16,18,5526.390000000,sain,False
15061,2,109,114563.550000000,sain,False
13190,362,3,570.660000000,à_risque_critique,True
17991,43,3,318.900000000,à_risque_critique,True
15266,156,5,852.210000000,à_risque_critique,True
15629,268,4,2240.900000000,à_surveiller,True
17463,51,4,1605.260000000,à_surveiller,False
14710,197,9,1316.460000000,à_surveiller,False
16736,323,5,2956.560000000,à_surveiller,True
14869,206,4,2078.540000000,à_surveiller,False
16942,7,4,908.240000000,à_surveiller,False
16987,23,5,1101.950000000,à_surveiller,False
16383,86,6,2607.240000000,à_surveiller,False
15938,19,8,665.530000000,à_surveiller,False
17655,28,6,2616.240000000,sain,False
13330,3,5,2393.470000000,sain,False
15502,93,6,6249.000000000,sain,False
12928,59,9,3022.230000000,sain,False
16016,14,7,1842.750000000,sain,False
13047,37,20,7229.300000000,sain,False
14688,16,17,4870.380000000,sain,False
17061,10,7,3250.230000000,sain,False
13555,19,11,6439.960000000,sain,False
17864,93,3,535.230000000,à_risque_critique,False
13800,127,3,1679.560000000,à_risque_critique,True
15946,320,3,2304.180000000,à_risque_critique,True
16226,21,5,672.170000000,à_surveiller,True
17648,10,4,1526.260000000,à_surveiller,False
13723,35,6,1209.200000000,à_surveiller,True
17720,43,8,2105.350000000,sain,False
16520,4,6,2482.620000000,sain,True
17372,1,24,3878.090000000,sain,False
17346,5,17,3604.010000000,sain,False
17544,208,3,960.690000000,à_risque_critique,True
18154,206,3,533.410000000,à_risque_critique,False
14994,200,5,956.680000000,à_risque_critique,True
15110,136,3,679.400000000,à_risque_critique,False
17935,218,5,540.350000000,à_risque_critique,False
15351,187,4,2052.850000000,à_risque_critique,False
16943,29,3,816.730000000,à_risque_critique,True
14708,186,3,1504.970000000,à_risque_critique,False
13892,64,3,689.200000000,à_risque_critique,False
13151,113,3,2570.240000000,à_surveiller,True
16948,79,6,674.290000000,à_surveiller,False
14857,260,5,2478.730000000,à_surveiller,False
18051,452,7,2282.280000000,à_surveiller,True
15799,3,3,1021.390000000,à_surveiller,False
17764,29,4,1066.790000000,à_surveiller,False
15508,7,6,1000.270000000,à_surveiller,True
14649,30,7,2942.240000000,sain,False
17406,151,13,4905.050000000,sain,True
15916,9,10,2747.610000000,sain,False
16883,5,19,2396.590000000,sain,True
16497,21,22,5280.290000000,sain,False
17409,2,10,7793.510000000,sain,True
16372,227,3,960.680000000,à_risque_critique,False
15506,199,3,1060.770000000,à_risque_critique,False
15157,176,3,1803.500000000,à_surveiller,False
15107,129,9,940.350000000,à_surveiller,True
14114,91,7,1364.090000000,à_surveiller,True
14850,129,7,1794.010000000,à_surveiller,True
17990,54,6,1527.610000000,à_surveiller,True
17505,23,4,1776.630000000,à_surveiller,False
17345,14,8,1195.270000000,sain,False
13410,5,7,1743.940000000,sain,False
17596,9,9,3381.600000000,sain,False
15939,14,9,7522.180000000,sain,False
12910,15,8,3863.980000000,sain,False
14064,29,13,2820.840000000,sain,False
17760,191,5,803.880000000,à_risque_critique,False
14480,220,3,1020.470000000,à_risque_critique,False
14013,93,3,730.050000000,à_risque_critique,False
13965,294,3,996.610000000,à_risque_critique,True
17664,30,3,887.780000000,à_risque_critique,False
15969,3,3,769.650000000,à_surveiller,False
15800,64,6,788.000000000,à_surveiller,False
17629,32,5,1247.590000000,à_surveiller,False
15550,119,9,1781.070000000,à_surveiller,False
13094,9,9,1598.880000000,sain,False
16770,54,8,1818.510000000,sain,False
15738,1,35,11489.610000000,sain,False
14210,15,15,5555.330000000,sain,False
17696,3,23,6231.470000000,sain,False
14725,212,3,591.280000000,à_risque_critique,False
17380,252,3,645.000000000,à_risque_critique,True
15494,296,3,2480.820000000,à_risque_critique,False
17534,269,4,1445.470000000,à_risque_critique,False
12932,357,8,1698.560000000,à_surveiller,True
16053,231,4,2122.890000000,à_surveiller,False
16147,218,4,2023.910000000,à_surveiller,False
15255,214,8,2838.570000000,à_surveiller,False
14006,59,6,1896.570000000,à_surveiller,False
14309,1,7,2560.840000000,sain,False
16180,28,9,8741.120000000,sain,False
18064,53,10,4089.030000000,sain,False
15129,28,16,4533.160000000,sain,False
15521,30,12,5763.670000000,sain,False
13767,21,58,25561.460000000,sain,False
16700,19,19,7039.390000000,sain,False
14415,16,15,8590.570000000,sain,False
15854,22,15,4193.550000000,sain,False
13434,203,3,1132.620000000,à_risque_critique,False
17392,124,3,620.560000000,à_risque_critique,True
14734,243,4,1056.420000000,à_risque_critique,True
14616,60,5,527.780000000,à_surveiller,True
17351,91,10,1575.830000000,à_surveiller,False
15932,32,4,1273.250000000,à_surveiller,False
14146,72,9,7163.030000000,sain,False
13984,67,10,1845.320000000,sain,False
16655,3,9,3984.550000000,sain,False
13875,2,12,4095.460000000,sain,False
14258,17,22,26989.180000000,sain,False
13414,114,4,1493.640000000,à_surveiller,False
12843,4,24,5836.170000000,sain,False
17756,193,3,733.700000000,à_risque_critique,True
13770,240,4,785.370000000,à_risque_critique,True
13233,154,3,875.580000000,à_risque_critique,False
15691,70,4,571.300000000,à_risque_critique,True
15377,200,4,1211.750000000,à_risque_critique,True
16057,29,6,2651.270000000,à_surveiller,False
13266,3,13,4127.210000000,sain,False
14746,224,4,593.500000000,à_risque_critique,True
13636,70,3,541.450000000,à_risque_critique,False
14355,183,3,1014.450000000,à_risque_critique,True
17127,246,5,1155.030000000,à_risque_critique,True
18071,75,6,1428.630000000,à_surveiller,True
17522,1,3,782.980000000,à_surveiller,False
16986,263,9,3015.550000000,à_surveiller,False
13294,7,3,1689.530000000,à_surveiller,True
15413,509,5,6798.720000000,à_surveiller,True
16335,369,7,2774.000000000,à_surveiller,True
16818,1,4,1193.170000000,à_surveiller,False
14291,28,15,5634.310000000,sain,False
16133,3,35,15194.590000000,sain,False
15651,78,3,840.080000000,à_risque_critique,False
15180,185,3,904.430000000,à_risque_critique,True
13642,33,4,514.720000000,à_surveiller,True
13890,176,5,1233.920000000,à_surveiller,False
13196,80,4,1783.190000000,à_surveiller,False
14025,282,8,4057.900000000,à_surveiller,True
15369,310,11,6251.260000000,sain,True
13982,144,7,3477.580000000,sain,False
13711,36,9,1792.260000000,sain,True
17071,5,8,2416.190000000,sain,False
15218,35,14,7501.940000000,sain,False
15271,22,14,2938.080000000,sain,False
16814,10,27,10153.570000000,sain,False
13729,253,3,724.730000000,à_risque_critique,True
15714,271,3,453.930000000,à_risque_critique,False
13064,145,3,764.550000000,à_risque_critique,False
13418,22,22,9446.770000000,sain,False
15945,183,4,827.270000000,à_risque_critique,True
16727,182,4,1437.420000000,à_surveiller,True
16493,103,5,1148.260000000,à_surveiller,False
17883,64,4,443.430000000,à_surveiller,False
15754,64,7,2670.840000000,sain,False
13856,1,10,972.530000000,sain,False
15071,93,3,1062.160000000,à_risque_critique,False
14289,17,3,594.220000000,à_surveiller,False
13382,98,5,1387.580000000,à_surveiller,True
17496,176,4,1412.890000000,à_surveiller,True
15043,281,5,2321.800000000,à_surveiller,False
15865,31,3,1667.720000000,à_surveiller,False
15026,58,4,823.390000000,à_surveiller,False
15329,192,8,1934.630000000,à_surveiller,False
15081,26,9,1708.970000000,à_surveiller,False
14147,103,8,2289.600000000,à_surveiller,False
16034,14,6,928.720000000,à_surveiller,True
16742,310,13,2387.710000000,à_surveiller,True
13126,71,10,2976.030000000,sain,False
14329,91,10,7037.980000000,sain,False
15290,21,16,4585.630000000,sain,False
15785,15,13,4971.360000000,sain,False
13156,203,3,1586.540000000,à_risque_critique,True
15586,410,3,1139.100000000,à_risque_critique,True
16314,207,3,1491.400000000,à_risque_critique,True
13573,71,5,652.390000000,à_risque_critique,False
18018,17,3,213.300000000,à_surveiller,False
16979,115,4,1354.890000000,à_surveiller,False
14871,73,7,985.190000000,à_surveiller,False
17368,77,9,1802.390000000,à_surveiller,False
17048,100,6,1906.730000000,à_surveiller,False
17388,29,9,2195.210000000,sain,False
17929,72,10,2674.100000000,sain,False
15708,40,7,3082.780000000,sain,False
17913,173,13,3281.890000000,sain,False
13680,155,10,10104.840000000,sain,False
15953,29,14,2836.310000000,sain,False
13571,2,18,2961.530000000,sain,False
16170,1,17,5928.820000000,sain,False
16523,17,15,5333.460000000,sain,False
14800,9,12,6817.390000000,sain,False
16435,330,3,1011.570000000,à_risque_critique,True
17709,288,4,533.560000000,à_risque_critique,False
17521,17,3,714.410000000,à_surveiller,False
13838,187,7,1512.470000000,à_surveiller,False
15485,154,6,4475.140000000,sain,False
13381,25,8,5656.410000000,sain,False
13485,51,11,3015.220000000,sain,True
15179,51,11,6740.090000000,sain,False
12920,389,3,323.860000000,à_risque_critique,False
13150,302,3,449.970000000,à_risque_critique,True
14413,180,3,427.570000000,à_risque_critique,True
13238,178,3,397.050000000,à_risque_critique,False
18276,210,5,1320.660000000,à_risque_critique,False
16110,80,3,1175.720000000,à_risque_critique,False
14068,138,4,1528.370000000,à_surveiller,True
16146,21,3,871.380000000,à_surveiller,False
13293,210,6,1192.940000000,à_surveiller,True
18078,35,4,844.600000000,à_surveiller,True
15747,193,6,1588.570000000,à_surveiller,False
15289,67,3,1028.760000000,à_surveiller,False
17705,33,5,617.680000000,à_surveiller,False
13976,24,4,1192.360000000,à_surveiller,True
17897,185,8,2406.170000000,à_surveiller,False
13466,2,5,1013.350000000,à_surveiller,True
13958,197,8,4709.230000000,à_surveiller,True
15967,136,11,2796.570000000,sain,False
12835,245,41,6043.310000000,sain,True
14988,29,7,2066.600000000,sain,True
16434,10,8,1943.710000000,sain,False
12841,40,27,5479.590000000,sain,False
15260,4,23,8647.940000000,sain,False
15617,214,3,828.550000000,à_risque_critique,True
17804,194,3,385.230000000,à_risque_critique,True
15890,212,5,535.650000000,à_risque_critique,True
14670,98,3,602.000000000,à_risque_critique,True
13502,92,4,677.660000000,à_risque_critique,False
13039,402,4,1010.730000000,à_risque_critique,True
17951,176,3,1037.040000000,à_risque_critique,False
16769,78,4,1141.750000000,à_surveiller,True
15003,291,6,1060.700000000,à_surveiller,True
12933,101,6,1190.250000000,à_surveiller,False
13647,52,5,1818.200000000,à_surveiller,False
16809,26,6,1155.820000000,à_surveiller,False
16094,37,8,2869.430000000,sain,False
14507,33,8,2516.560000000,sain,False
15910,25,11,2000.230000000,sain,False
15984,51,25,6703.730000000,sain,False
16947,53,4,946.710000000,à_risque_critique,True
16588,204,4,1361.280000000,à_risque_critique,True
16788,72,4,1648.340000000,à_risque_critique,False
14206,57,3,1185.010000000,à_surveiller,True
16618,28,4,1441.290000000,à_surveiller,False
13093,93,55,54943.650000000,sain,True
13209,45,8,4980.340000000,sain,False
14680,16,51,43192.540000000,sain,False
14508,194,3,598.520000000,à_risque_critique,False
17945,514,3,359.500000000,à_risque_critique,True
17852,206,3,548.870000000,à_risque_critique,False
16421,194,3,526.270000000,à_risque_critique,True
17155,345,5,640.760000000,à_risque_critique,False
16895,256,4,902.280000000,à_risque_critique,False
17034,105,3,680.200000000,à_risque_critique,False
13509,72,4,785.020000000,à_risque_critique,False
14656,101,4,656.710000000,à_risque_critique,False
16586,66,3,1462.780000000,à_surveiller,True
14460,128,7,689.160000000,à_surveiller,False
14631,53,5,1648.790000000,à_surveiller,False
15793,86,6,1740.600000000,à_surveiller,False
15306,318,6,2310.380000000,à_surveiller,False
16712,30,6,1825.930000000,à_surveiller,False
13357,75,5,3817.360000000,à_surveiller,True
15402,14,5,1644.760000000,à_surveiller,False
18287,19,5,3060.990000000,sain,False
14364,5,4,2161.850000000,sain,False
13963,126,17,3011.870000000,sain,True
16755,44,6,2312.220000000,sain,False
15791,22,4,3218.890000000,sain,False
14692,53,11,1633.840000000,sain,False
17790,16,15,1715.070000000,sain,False
13995,63,10,2818.770000000,sain,False
17716,67,15,11752.600000000,sain,False
14367,2,8,4145.520000000,sain,False
13090,56,16,8273.870000000,sain,False
13999,32,21,6847.270000000,sain,False
13458,7,9,8572.780000000,sain,False
16103,4,19,5567.330000000,sain,False
12870,193,3,1676.950000000,à_risque_critique,True
12926,229,4,1548.080000000,à_risque_critique,True
15406,119,3,717.450000000,à_risque_critique,False
16067,380,3,3395.290000000,à_risque_critique,True
16431,31,3,642.810000000,à_risque_critique,True
13787,182,5,1019.860000000,à_surveiller,False
13202,212,7,1580.300000000,à_surveiller,True
16176,239,4,2052.690000000,à_surveiller,True
15863,10,4,299.060000000,à_surveiller,False
17179,50,5,1283.780000000,à_surveiller,False
17337,29,3,1993.470000000,à_surveiller,False
16756,32,7,1312.370000000,à_surveiller,True
15366,176,6,1892.110000000,à_surveiller,False
16043,29,7,1759.090000000,à_surveiller,False
16875,114,9,2944.090000000,à_surveiller,False
12854,59,6,2479.890000000,à_surveiller,False
15353,72,7,3175.950000000,à_surveiller,True
18220,44,6,1921.760000000,sain,True
16719,53,11,3156.110000000,sain,False
17511,24,44,120291.570000000,sain,False
15755,53,13,4249.600000000,sain,False
15389,218,4,2233.800000000,à_surveiller,False
17221,409,3,643.390000000,à_risque_critique,False
13070,10,4,751.700000000,à_surveiller,True
15532,176,7,2535.570000000,à_surveiller,False
16907,52,7,1310.250000000,à_surveiller,False
15201,22,4,1208.680000000,à_surveiller,False
18009,53,8,2155.830000000,sain,True
16445,204,3,372.220000000,à_risque_critique,False
15901,269,3,321.490000000,à_risque_critique,False
15016,211,4,460.260000000,à_risque_critique,False
17251,180,3,812.430000000,à_risque_critique,True
16518,102,3,665.750000000,à_risque_critique,False
17203,206,4,2012.030000000,à_risque_critique,False
15064,228,4,1154.410000000,à_risque_critique,True
16188,44,3,671.570000000,à_risque_critique,False
13478,287,5,2215.780000000,à_surveiller,True
16374,80,4,1448.820000000,à_surveiller,False
14855,292,5,5874.650000000,à_surveiller,False
13139,33,3,4308.060000000,à_surveiller,False
15665,61,4,3249.330000000,à_surveiller,False
14205,82,8,2170.400000000,à_surveiller,False
16369,14,5,1465.600000000,à_surveiller,False
14738,17,6,1033.140000000,sain,False
17905,170,11,1966.930000000,sain,False
16206,26,11,2341.260000000,sain,False
17867,21,10,1006.900000000,sain,False
16466,26,10,2559.200000000,sain,False
14844,59,7,4387.170000000,sain,False
13756,1,14,5729.790000000,sain,False
15643,9,3,664.000000000,à_surveiller,True
15911,441,8,1685.890000000,à_surveiller,True
16563,218,5,3345.020000000,à_surveiller,False
16271,176,5,2152.000000000,à_surveiller,False
13539,58,6,1253.670000000,à_surveiller,False
13107,151,6,4288.290000000,sain,False
16933,57,8,2842.750000000,sain,False
17442,38,11,3186.570000000,sain,False
15660,22,10,1951.150000000,sain,False
16145,44,12,4322.230000000,sain,False
15827,1,24,3073.650000000,sain,False
13993,23,14,4802.170000000,sain,False
13037,37,11,3611.200000000,sain,False
18226,3,21,9251.170000000,sain,False
16546,108,5,5606.470000000,à_surveiller,True
18096,260,3,874.420000000,à_risque_critique,False
14065,207,3,891.020000000,à_risque_critique,True
17259,186,5,1667.610000000,à_risque_critique,False
14901,178,6,1365.410000000,à_surveiller,False
15912,51,8,951.570000000,à_surveiller,False
16407,12,9,1489.460000000,sain,False
17516,35,4,644.680000000,à_risque_critique,False
13592,23,3,205.510000000,à_surveiller,False
14513,24,5,649.770000000,à_surveiller,False
14870,79,6,1838.950000000,à_surveiller,True
14882,208,12,3038.450000000,à_surveiller,False
15965,185,10,2323.640000000,sain,False
17236,60,10,1576.950000000,sain,False
14587,2,8,1473.530000000,sain,False
16686,12,13,3237.660000000,sain,False
14713,4,17,4201.750000000,sain,False
15046,12,18,4897.130000000,sain,False
13668,5,26,10787.230000000,sain,False
17841,1,137,42752.110000000,sain,False
13585,348,3,684.540000000,à_risque_critique,True
13566,252,3,829.560000000,à_risque_critique,False
13415,290,4,800.670000000,à_risque_critique,True
15920,242,5,404.140000000,à_risque_critique,False
18268,409,5,1464.730000000,à_risque_critique,False
16926,189,5,1421.350000000,à_risque_critique,True
13781,68,3,778.830000000,à_risque_critique,True
15279,172,5,1580.540000000,à_surveiller,True
16032,274,6,1970.450000000,à_surveiller,True
16955,2,6,1309.410000000,sain,True
15628,73,10,3473.030000000,sain,False
16308,35,5,3520.000000000,sain,False
16359,32,12,1963.090000000,sain,False
14307,37,7,3770.290000000,sain,False
14733,22,11,14506.640000000,sain,False
14326,60,3,940.980000000,à_risque_critique,True
17734,51,4,854.670000000,à_surveiller,False
14897,114,5,1949.660000000,à_surveiller,False
13851,106,6,2201.320000000,à_surveiller,False
14839,236,3,915.280000000,à_risque_critique,True
14686,232,5,885.830000000,à_risque_critique,True
17771,141,3,257.400000000,à_risque_critique,False
14455,250,4,628.210000000,à_risque_critique,True
14238,144,3,434.230000000,à_risque_critique,True
17018,143,5,1772.600000000,à_surveiller,False
14657,100,4,1137.050000000,à_surveiller,False
16303,151,5,3394.820000000,à_surveiller,False
14723,176,8,1402.360000000,à_surveiller,False
16266,18,10,1267.900000000,sain,False
14257,2,6,3885.320000000,sain,False
13097,51,22,10074.320000000,sain,False
13394,32,14,5037.010000000,sain,False
12951,22,13,2774.530000000,sain,False
13569,185,3,638.350000000,à_risque_critique,False
16108,252,3,1393.420000000,à_risque_critique,False
14419,70,3,510.410000000,à_risque_critique,False
18025,197,6,1177.720000000,à_surveiller,True
17026,3,3,208.980000000,à_surveiller,True
14220,65,4,1515.000000000,à_surveiller,True
18241,35,5,1279.730000000,à_surveiller,False
17396,189,7,1873.800000000,à_surveiller,False
14021,29,6,1586.380000000,à_surveiller,False
13477,29,7,1895.620000000,sain,False
15410,21,6,3035.770000000,sain,False
14682,5,6,1514.810000000,sain,True
16918,135,11,2420.250000000,sain,False
14081,120,10,5370.100000000,sain,True
16837,15,8,1814.740000000,sain,False
14092,14,16,4950.010000000,sain,False
17364,22,21,9332.620000000,sain,False
16385,184,3,622.950000000,à_risque_critique,False
13276,215,3,1348.330000000,à_risque_critique,False
17923,100,3,497.000000000,à_risque_critique,True
13402,190,3,1222.180000000,à_risque_critique,False
15488,274,4,340.600000000,à_risque_critique,False
17603,435,3,1398.760000000,à_risque_critique,False
13705,191,5,1641.610000000,à_risque_critique,False
17031,196,4,2393.500000000,à_surveiller,False
16159,99,4,1232.790000000,à_surveiller,True
17531,8,3,1266.820000000,à_surveiller,True
14375,3,3,1132.990000000,à_surveiller,True
16163,50,6,2849.580000000,à_surveiller,True
16654,5,7,1647.450000000,sain,False
14512,5,7,1223.470000000,sain,True
16182,21,7,5871.000000000,sain,False
15039,2,73,34209.780000000,sain,False
14272,72,3,614.940000000,à_risque_critique,False
17298,192,3,443.240000000,à_risque_critique,False
16014,109,3,730.820000000,à_risque_critique,False
17282,117,3,1378.100000000,à_risque_critique,False
16317,115,3,1421.620000000,à_risque_critique,False
15752,67,5,2615.340000000,à_surveiller,False
17849,36,8,1063.760000000,à_surveiller,True
14000,29,5,2046.340000000,à_surveiller,True
15038,5,7,1121.820000000,sain,False
14776,36,7,2244.600000000,sain,False
13931,98,10,4398.060000000,sain,False
16952,259,3,631.170000000,à_risque_critique,False
17952,196,4,819.610000000,à_risque_critique,True
13587,267,3,961.100000000,à_risque_critique,False
16205,214,3,1069.230000000,à_risque_critique,False
12889,199,4,385.460000000,à_risque_critique,True
16898,186,3,623.640000000,à_risque_critique,False
17539,446,3,1211.570000000,à_risque_critique,True
16639,24,3,961.620000000,à_risque_critique,False
16224,58,3,864.450000000,à_risque_critique,False
13803,73,3,1338.910000000,à_risque_critique,True
15815,30,3,1394.080000000,à_surveiller,False
14798,128,6,626.250000000,à_surveiller,False
18136,29,4,1447.880000000,à_surveiller,False
14555,120,5,2189.430000000,à_surveiller,False
17126,117,6,1573.460000000,à_surveiller,False
13627,22,4,1213.350000000,à_surveiller,False
17361,4,4,656.360000000,à_surveiller,False
15443,138,8,2376.730000000,à_surveiller,False
15858,107,10,3337.740000000,sain,False
16726,14,6,1501.580000000,sain,False
14410,24,8,2323.870000000,sain,False
18239,36,6,2150.360000000,sain,True
12868,3,8,2247.060000000,sain,True
13538,1,8,2451.380000000,sain,False
18223,23,19,10273.790000000,sain,False
14451,12,11,3006.180000000,sain,False
18101,192,3,405.510000000,à_risque_critique,False
13461,225,3,2715.000000000,à_risque_critique,False
13935,414,3,6116.920000000,à_surveiller,True
16336,238,4,3517.690000000,à_surveiller,True
14673,185,3,2047.900000000,à_surveiller,False
16104,236,8,2476.250000000,à_surveiller,False
16619,81,4,1938.330000000,à_surveiller,True
16128,100,7,2309.130000000,à_surveiller,False
13085,113,7,2295.300000000,à_surveiller,False
17874,3,6,683.460000000,à_surveiller,True
15027,37,8,2783.570000000,sain,False
15950,177,7,5844.020000000,sain,False
17593,170,7,4831.360000000,sain,False
14440,134,10,5466.760000000,sain,False
17692,44,11,2842.960000000,sain,False
14080,231,4,1070.080000000,à_risque_critique,False
18062,38,5,1398.070000000,à_surveiller,False
16060,218,3,541.950000000,à_risque_critique,True
16805,178,3,836.420000000,à_risque_critique,False
13104,85,5,824.340000000,à_risque_critique,False
17054,25,3,918.820000000,à_risque_critique,False
17426,100,8,4234.390000000,sain,False
15882,16,8,1491.420000000,sain,True
17107,26,6,9378.800000000,sain,False
15719,17,25,7606.770000000,sain,False
16935,199,3,535.100000000,à_risque_critique,True
15287,197,3,369.340000000,à_risque_critique,False
16228,203,3,890.810000000,à_risque_critique,True
18002,193,4,243.170000000,à_risque_critique,True
15850,194,4,819.870000000,à_risque_critique,False
14295,256,3,2186.710000000,à_risque_critique,False
13546,18,3,653.310000000,à_surveiller,False
15996,81,4,1281.490000000,à_surveiller,False
16467,326,7,2869.160000000,à_surveiller,True
14685,394,8,4619.790000000,à_surveiller,True
18171,56,6,1670.590000000,à_surveiller,False
16717,184,9,3435.100000000,à_surveiller,False
15523,206,15,16947.980000000,sain,False
12872,144,12,3685.490000000,sain,True
14030,61,17,7337.220000000,sain,False
12877,18,15,2101.440000000,sain,False
17049,32,13,5869.300000000,sain,False
15874,35,19,9041.680000000,sain,False
14099,36,14,3983.000000000,sain,False
14944,4,12,5616.450000000,sain,False
15122,22,10,3794.300000000,sain,False
15796,5,13,3713.190000000,sain,False
17918,318,3,388.440000000,à_risque_critique,True
14172,423,3,402.720000000,à_risque_critique,True
14484,219,3,749.060000000,à_risque_critique,False
17332,346,5,827.770000000,à_risque_critique,True
14684,33,3,751.530000000,à_risque_critique,False
12873,100,3,2027.300000000,à_surveiller,True
17158,50,4,1411.580000000,à_surveiller,False
14608,180,7,1761.790000000,à_surveiller,False
14672,52,4,1113.140000000,à_surveiller,True
15456,101,10,2119.270000000,à_surveiller,True
14198,57,6,1051.630000000,à_surveiller,False
16838,15,4,1159.610000000,à_surveiller,True
13900,1,6,1610.590000000,à_surveiller,True
13134,1,5,1567.390000000,à_surveiller,False
15123,24,4,3526.330000000,sain,False
15809,2,6,1157.880000000,sain,False
13246,24,9,3048.650000000,sain,False
14057,17,13,4867.410000000,sain,False
13649,74,6,1678.880000000,à_surveiller,True
17770,16,5,1143.270000000,à_surveiller,True
13593,81,12,4509.560000000,sain,False
14755,25,18,6824.780000000,sain,False
14625,14,11,4497.880000000,sain,True
15900,231,3,549.290000000,à_risque_critique,False
14496,129,7,2668.230000000,à_surveiller,True
14748,30,8,2507.700000000,sain,False
15288,18,8,3191.760000000,sain,False
13659,23,12,4894.880000000,sain,True
16779,1,42,26900.240000000,sain,False
18108,72,3,848.810000000,à_risque_critique,True
14966,205,5,924.520000000,à_risque_critique,False
15644,74,3,423.190000000,à_risque_critique,False
13452,77,3,729.800000000,à_risque_critique,True
14248,136,3,1032.950000000,à_risque_critique,True
13138,58,3,891.700000000,à_risque_critique,False
18215,255,4,1948.150000000,à_surveiller,False
15476,198,4,2209.980000000,à_surveiller,True
16631,299,7,1892.520000000,à_surveiller,True
12970,140,8,1095.470000000,à_surveiller,False
12838,191,9,3106.140000000,à_surveiller,False
17584,285,4,4067.120000000,à_surveiller,False
14389,8,4,1165.690000000,à_surveiller,False
16858,186,10,4668.280000000,sain,True
12935,21,10,2949.390000000,sain,False
13761,320,4,881.520000000,à_risque_critique,False
16521,233,3,1144.260000000,à_risque_critique,True
13065,191,5,1260.910000000,à_risque_critique,True
15817,238,3,2766.400000000,à_risque_critique,True
14075,79,3,1090.530000000,à_risque_critique,False
18125,19,3,945.140000000,à_surveiller,False
16485,250,4,1931.030000000,à_surveiller,False
13425,112,3,2180.990000000,à_surveiller,False
16099,43,5,1159.600000000,à_surveiller,False
16365,71,9,2256.140000000,à_surveiller,False
14441,73,8,3255.640000000,à_surveiller,False
16678,15,5,1266.650000000,à_surveiller,False
17560,22,6,1526.900000000,sain,False
15673,32,7,5319.500000000,sain,False
15421,33,9,3594.340000000,sain,False
14593,16,11,3426.110000000,sain,False
13983,5,17,6186.080000000,sain,False
13684,103,4,596.980000000,à_risque_critique,True
15224,176,5,871.360000000,à_risque_critique,True
14532,54,11,3859.180000000,sain,True
13869,80,9,6591.580000000,sain,False
14651,29,8,1795.840000000,sain,False
13599,16,19,7019.620000000,sain,False
14505,22,16,9282.960000000,sain,False
15466,207,3,1236.480000000,à_risque_critique,False
13503,297,4,1607.340000000,à_risque_critique,False
12831,80,3,451.110000000,à_risque_critique,True
17681,415,5,731.200000000,à_risque_critique,True
16473,105,3,372.530000000,à_risque_critique,False
17817,95,5,689.870000000,à_risque_critique,False
14853,29,4,1115.570000000,à_surveiller,False
13655,59,5,1731.190000000,à_surveiller,False
13110,75,8,2201.290000000,à_surveiller,False
14659,5,5,1381.760000000,à_surveiller,False
17738,100,10,3084.430000000,à_surveiller,False
14145,35,4,4986.450000000,sain,False
13173,185,10,2441.640000000,sain,False
17324,149,10,2013.870000000,sain,False
15497,137,8,8365.790000000,sain,False
17460,43,15,2068.420000000,sain,False
18172,29,39,13638.320000000,sain,False
15296,1,9,8747.560000000,sain,False
14961,50,18,12545.130000000,sain,False
15622,15,13,6745.050000000,sain,False
18168,22,15,3655.120000000,sain,False
14510,193,3,1007.280000000,à_risque_critique,True
16214,70,3,1725.170000000,à_risque_critique,False
12842,126,3,1109.730000000,à_risque_critique,False
17624,36,3,1125.450000000,à_surveiller,False
13184,2,5,918.970000000,à_surveiller,False
16771,93,8,3348.240000000,à_surveiller,False
13446,248,11,3881.890000000,sain,True
13118,26,7,2017.300000000,sain,False
18257,24,7,2968.720000000,sain,False
15370,21,4,2480.900000000,sain,False
18094,36,9,5151.420000000,sain,False
17204,59,7,5190.290000000,sain,False
16503,32,10,3275.800000000,sain,False
17646,37,12,4149.790000000,sain,True
16817,3,11,2379.580000000,sain,False
17389,3,41,30518.540000000,sain,False
17611,19,19,6359.700000000,sain,False
17430,183,3,582.010000000,à_risque_critique,False
13295,177,4,1101.970000000,à_surveiller,True
17307,213,11,3999.890000000,sain,True
14607,79,9,8063.130000000,sain,False
13742,2,8,2156.020000000,sain,False
13512,78,4,713.390000000,à_risque_critique,True
12978,203,5,2502.820000000,à_surveiller,True
15605,70,7,1428.750000000,à_surveiller,False
14655,40,4,2756.840000000,à_surveiller,False
17884,129,19,2953.280000000,sain,False
14841,92,11,5649.090000000,sain,False
16997,106,3,702.000000000,à_risque_critique,True
16307,247,3,1194.920000000,à_risque_critique,True
14370,268,6,1175.780000000,à_risque_critique,True
17440,65,3,261.780000000,à_risque_critique,False
17032,421,5,2916.970000000,à_surveiller,True
15730,24,3,1073.130000000,à_surveiller,False
15620,38,3,1264.190000000,à_surveiller,False
14533,170,5,1950.150000000,à_surveiller,False
15117,33,4,1246.590000000,à_surveiller,False
13435,7,3,1109.060000000,à_surveiller,False
14160,428,7,8421.470000000,à_surveiller,True
15192,9,4,1675.060000000,à_surveiller,False
16209,4,6,2452.220000000,sain,False
14852,70,13,3800.890000000,sain,False
16187,21,7,2564.640000000,sain,False
15898,44,24,5206.670000000,sain,False
13098,3,9,7734.970000000,sain,False
14395,40,16,6326.240000000,sain,False
17419,67,13,4319.750000000,sain,False
13324,21,15,7190.510000000,sain,False
13891,196,3,863.560000000,à_risque_critique,True
15577,123,3,168.750000000,à_risque_critique,False
14779,98,3,386.150000000,à_risque_critique,True
15729,30,3,192.550000000,à_risque_critique,True
16795,183,3,2492.390000000,à_surveiller,True
13823,198,5,2445.790000000,à_surveiller,False
14028,368,3,10396.500000000,à_surveiller,True
17323,33,7,938.490000000,à_surveiller,False
14191,2,5,919.600000000,à_surveiller,False
15885,201,12,1572.470000000,à_surveiller,False
14639,109,5,3229.600000000,à_surveiller,False
16812,178,4,2392.000000000,à_surveiller,True
16007,33,4,1742.950000000,à_surveiller,False
16711,120,6,1816.250000000,à_surveiller,False
16529,8,4,2012.000000000,sain,True
13878,365,3,1191.530000000,à_risque_critique,False
16387,140,5,918.550000000,à_risque_critique,True
15712,1,9,2858.700000000,sain,False
17243,54,54,15066.610000000,sain,False
13002,136,3,414.130000000,à_risque_critique,True
17028,399,3,1593.830000000,à_risque_critique,True
16792,100,5,623.460000000,à_risque_critique,True
17937,75,4,3327.480000000,à_surveiller,False
14489,25,4,1574.930000000,à_surveiller,True
16807,33,5,1654.120000000,à_surveiller,False
15861,85,6,1950.610000000,à_surveiller,False
16229,30,5,2215.460000000,à_surveiller,False
13758,19,12,8475.110000000,sain,False
17825,416,4,731.960000000,à_risque_critique,True
15774,236,5,1057.890000000,à_risque_critique,False
16980,73,3,1473.330000000,à_risque_critique,True
15972,274,5,1810.270000000,à_surveiller,True
18194,256,5,3188.200000000,à_surveiller,False
14916,142,5,2069.020000000,à_surveiller,False
18149,33,6,1562.310000000,à_surveiller,False
14640,45,5,1955.430000000,à_surveiller,False
16045,63,6,2955.480000000,sain,False
14560,14,31,5108.260000000,sain,False
14527,2,93,22790.060000000,sain,False
16033,18,18,5297.400000000,sain,False
15194,16,22,8472.340000000,sain,False
17683,203,3,819.010000000,à_risque_critique,True
17880,182,3,824.920000000,à_risque_critique,True
13008,141,3,612.130000000,à_risque_critique,True
14173,37,3,249.200000000,à_risque_critique,False
18214,348,4,1780.340000000,à_risque_critique,True
15636,100,3,1026.520000000,à_risque_critique,False
15695,84,4,1131.040000000,à_surveiller,True
16892,1,3,339.540000000,à_surveiller,False
15734,18,3,1502.500000000,à_surveiller,False
12947,1,4,1642.930000000,à_surveiller,False
16984,222,7,6273.450000000,à_surveiller,False
16202,178,9,2501.990000000,à_surveiller,True
15015,319,13,2354.520000000,à_surveiller,True
14341,33,14,2988.190000000,sain,False
13728,16,13,2332.960000000,sain,False
12836,37,13,5634.160000000,sain,False
15240,9,10,3798.790000000,sain,False
17238,2,24,5586.140000000,sain,False
12897,22,4,514.250000000,à_surveiller,True
16400,213,8,2855.510000000,à_surveiller,False
16938,126,6,4574.400000000,sain,False
18065,1,22,4865.950000000,sain,False
17137,234,6,1133.630000000,à_surveiller,True
16960,70,6,1735.960000000,à_surveiller,False
14711,3,6,1603.990000000,sain,False
13206,218,13,8377.320000000,sain,True
13015,15,10,5003.180000000,sain,False
13679,311,3,281.260000000,à_risque_critique,True
18247,232,3,839.730000000,à_risque_critique,True
17003,220,4,830.160000000,à_risque_critique,True
15278,379,4,496.160000000,à_risque_critique,True
14595,131,3,587.650000000,à_risque_critique,False
17046,262,4,1264.050000000,à_risque_critique,False
16083,178,3,1371.780000000,à_risque_critique,False
13760,74,4,1211.940000000,à_risque_critique,False
17640,197,5,2547.280000000,à_surveiller,False
14009,16,3,1099.910000000,à_surveiller,True
16331,250,6,2037.700000000,à_surveiller,True
14467,130,9,1753.930000000,à_surveiller,False
17889,30,7,774.870000000,à_surveiller,True
17090,45,9,1754.580000000,à_surveiller,False
13848,115,7,3015.000000000,à_surveiller,False
15980,72,5,4955.000000000,à_surveiller,False
14032,24,10,3410.250000000,sain,False
14472,5,6,1821.010000000,sain,False
17146,81,12,5674.340000000,sain,False
16456,45,11,6281.150000000,sain,False
14952,24,28,13064.470000000,sain,False
12949,24,17,13610.180000000,sain,False
17287,23,18,3548.190000000,sain,False
16153,3,9,4009.360000000,sain,False
12901,2,12,8061.800000000,sain,False
16458,5,19,3538.300000000,sain,False
16008,22,13,5044.500000000,sain,False
13050,3,27,9857.570000000,sain,False
17873,2,17,6114.460000000,sain,False
16916,190,3,739.320000000,à_risque_critique,False
13849,215,3,1931.350000000,à_risque_critique,False
17908,191,5,1411.540000000,à_risque_critique,True
14469,234,4,2112.210000000,à_risque_critique,True
15724,19,3,310.850000000,à_surveiller,True
14920,30,3,1607.170000000,à_surveiller,True
17213,134,9,3338.020000000,à_surveiller,False
17725,10,4,1269.630000000,à_surveiller,False
15789,176,6,1962.010000000,à_surveiller,True
13012,31,6,2018.380000000,sain,False
17157,298,17,4832.900000000,sain,False
13316,72,7,8836.320000000,sain,False
16086,18,8,2330.660000000,sain,False
13552,23,15,5100.140000000,sain,False
17519,24,12,4221.050000000,sain,False
12957,4,9,6404.720000000,sain,False
17869,33,5,918.940000000,à_surveiller,False
13000,77,3,956.180000000,à_risque_critique,False
14353,33,3,376.500000000,à_risque_critique,True
16329,245,4,1703.070000000,à_risque_critique,True
13948,178,4,548.760000000,à_risque_critique,True
16298,4,5,601.800000000,à_surveiller,False
13026,38,6,1001.440000000,à_surveiller,False
13784,3,9,1475.870000000,sain,False
13021,33,11,3035.860000000,sain,False
15446,194,3,403.950000000,à_risque_critique,True
15261,199,3,1253.180000000,à_risque_critique,False
15869,95,3,323.660000000,à_risque_critique,True
16282,157,3,1307.580000000,à_risque_critique,True
16946,201,5,1222.040000000,à_risque_critique,True
14730,50,3,555.600000000,à_risque_critique,False
13258,23,3,561.220000000,à_surveiller,False
13464,212,5,2422.960000000,à_surveiller,False
13152,235,7,2146.380000000,à_surveiller,True
17007,19,5,692.900000000,à_surveiller,False
14644,116,6,1604.460000000,à_surveiller,False
17311,134,5,2738.170000000,à_surveiller,False
15164,26,8,1594.050000000,à_surveiller,False
15380,183,7,2018.900000000,à_surveiller,False
14572,72,7,3854.370000000,sain,False
15465,51,26,10464.490000000,sain,False
17504,24,18,9565.120000000,sain,True
13881,31,27,31589.040000000,sain,False
17799,60,16,4674.290000000,sain,False
16259,228,3,361.940000000,à_risque_critique,True
13727,429,6,746.570000000,à_risque_critique,False
14037,182,5,801.550000000,à_risque_critique,False
16414,98,4,484.260000000,à_risque_critique,False
15393,99,4,783.580000000,à_risque_critique,False
17356,129,5,946.470000000,à_risque_critique,True
16096,82,4,1584.970000000,à_risque_critique,True
15030,86,7,1614.390000000,à_surveiller,False
16092,15,5,1363.810000000,à_surveiller,False
17063,107,8,2496.760000000,à_surveiller,False
17722,7,4,4107.200000000,sain,False
16131,25,8,8115.400000000,sain,False
13305,63,10,2394.100000000,sain,False
13523,17,4,3505.880000000,sain,False
17069,44,9,4157.650000000,sain,False
18055,21,10,7773.910000000,sain,False
14031,14,36,31616.870000000,sain,False
17739,14,14,6010.010000000,sain,False
14530,3,13,4832.330000000,sain,False
17167,197,3,867.110000000,à_risque_critique,True
15589,73,3,478.530000000,à_risque_critique,True
17691,176,4,780.050000000,à_risque_critique,True
15361,179,4,689.070000000,à_risque_critique,True
16620,78,5,1675.730000000,à_surveiller,False
13155,144,4,1347.620000000,à_surveiller,False
16172,59,4,943.720000000,à_surveiller,False
15855,1,5,815.170000000,à_surveiller,False
13762,36,5,2472.480000000,à_surveiller,True
16554,40,7,2318.730000000,sain,False
12937,15,7,2021.570000000,sain,False
16143,30,10,4060.060000000,sain,False
15581,44,32,4732.680000000,sain,False
15862,22,11,2581.270000000,sain,False
13713,226,3,743.260000000,à_risque_critique,True
15798,310,3,1535.370000000,à_risque_critique,True
16794,198,5,868.200000000,à_risque_critique,False
17642,247,3,1112.200000000,à_risque_critique,False
16714,135,3,1514.800000000,à_risque_critique,True
16087,207,5,1739.920000000,à_risque_critique,True
17043,84,5,1055.970000000,à_surveiller,False
16732,221,3,3783.890000000,à_surveiller,False
14861,198,9,1254.940000000,à_surveiller,False
17113,392,6,2322.590000000,à_surveiller,True
14482,57,7,2527.860000000,sain,False
13748,50,7,1900.950000000,sain,False
14107,38,8,3649.150000000,sain,False
14217,2,14,2401.160000000,sain,False
15044,25,26,12754.290000000,sain,False
13798,4,86,61484.740000000,sain,False
14122,224,3,362.420000000,à_risque_critique,True
14301,234,3,1352.040000000,à_risque_critique,False
13665,204,3,1711.660000000,à_risque_critique,True
14967,259,5,1518.810000000,à_risque_critique,False
14998,59,3,524.500000000,à_risque_critique,False
14327,200,5,1583.280000000,à_risque_critique,False
13916,281,4,1275.810000000,à_risque_critique,True
13239,79,5,1594.690000000,à_surveiller,True
13473,150,7,2476.380000000,à_surveiller,False
17138,93,7,4417.270000000,sain,True
14525,3,13,5933.430000000,sain,False
17512,18,14,3845.250000000,sain,False
14035,85,6,2129.280000000,à_surveiller,False
17633,197,3,732.550000000,à_risque_critique,False
17321,212,4,1040.320000000,à_risque_critique,False
13696,239,3,2020.400000000,à_risque_critique,True
15638,196,6,2265.200000000,à_surveiller,True
17422,38,7,2243.460000000,sain,False
17218,32,13,3178.540000000,sain,False
14135,4,18,7395.070000000,sain,False
18229,2,17,6736.710000000,sain,False
17363,213,3,940.860000000,à_risque_critique,True
16544,337,4,376.700000000,à_risque_critique,True
16862,365,4,662.330000000,à_risque_critique,True
13346,280,6,299.400000000,à_risque_critique,True
13443,266,6,1276.370000000,à_surveiller,True
17135,107,5,1309.180000000,à_surveiller,False
14130,137,4,1882.670000000,à_surveiller,True
15751,278,11,1380.440000000,à_surveiller,True
17227,74,8,1448.860000000,à_surveiller,False
12990,3,6,809.900000000,à_surveiller,False
16059,72,9,2405.610000000,à_surveiller,False
13329,184,7,4628.170000000,sain,False
18170,35,7,2201.900000000,sain,False
12857,28,6,3688.000000000,sain,True
16705,25,30,36088.550000000,sain,False
14388,21,11,4661.350000000,sain,False
16161,16,34,9544.340000000,sain,False
15303,108,3,1224.180000000,à_risque_critique,True
15671,60,3,1033.130000000,à_surveiller,False
12908,130,4,1344.000000000,à_surveiller,False
17235,190,7,1696.720000000,à_surveiller,False
17594,72,3,1819.700000000,à_surveiller,False
17974,37,4,1290.040000000,à_surveiller,False
13368,74,4,1021.500000000,à_surveiller,True
14715,116,6,1204.620000000,à_surveiller,False
16239,7,5,1425.900000000,à_surveiller,False
16218,24,10,3084.050000000,sain,False
13941,115,12,8128.300000000,sain,False
16316,24,10,4635.110000000,sain,False
14506,101,4,1845.360000000,à_surveiller,False
18245,29,17,5064.210000000,sain,False
18041,1,31,7305.000000000,sain,False
13540,285,3,632.390000000,à_risque_critique,True
13133,91,3,200.450000000,à_risque_critique,True
15425,218,4,1944.570000000,à_surveiller,True
16442,45,4,719.710000000,à_surveiller,False
17150,194,6,1375.650000000,à_surveiller,True
17732,190,8,2470.390000000,à_surveiller,True
16010,63,11,1724.060000000,sain,True
13888,36,6,1802.940000000,sain,False
15227,33,7,2145.910000000,sain,False
15373,28,11,2197.230000000,sain,False
13824,21,10,2848.800000000,sain,False
13327,3,16,8042.450000000,sain,False
16888,218,3,437.150000000,à_risque_critique,True
16784,194,4,788.930000000,à_risque_critique,False
16054,236,3,1327.980000000,à_risque_critique,False
17374,36,3,727.110000000,à_risque_critique,True
16391,218,4,1100.210000000,à_risque_critique,True
14643,176,4,1344.020000000,à_risque_critique,False
16511,84,4,1207.510000000,à_surveiller,False
16777,75,4,1258.660000000,à_surveiller,False
13168,17,4,1528.780000000,à_surveiller,False
15987,17,5,746.930000000,à_surveiller,False
13874,176,7,2049.150000000,à_surveiller,True
17769,96,9,3989.860000000,sain,False
13623,28,9,2370.630000000,sain,False
17029,54,6,1779.300000000,sain,False
16725,120,13,1880.660000000,sain,True
14794,21,7,1313.530000000,sain,False
13044,109,11,4853.900000000,sain,True
16401,28,16,4411.020000000,sain,False
17412,14,13,3869.280000000,sain,False
15186,292,3,991.790000000,à_risque_critique,False
12845,85,4,354.090000000,à_risque_critique,True
17076,91,5,735.870000000,à_risque_critique,False
12999,14,3,455.880000000,à_surveiller,True
15717,52,5,607.000000000,à_surveiller,True
12986,246,10,2729.840000000,à_surveiller,True
17578,36,7,1047.330000000,à_surveiller,True
15031,100,11,2639.270000000,sain,False
14829,2,6,1526.920000000,sain,False
17581,31,28,11132.270000000,sain,False
12747,16,21,7171.930000000,sain,False
17644,21,12,4054.730000000,sain,False
15033,26,3,1165.840000000,à_surveiller,False
14194,14,22,10728.940000000,sain,False
14204,240,3,901.930000000,à_risque_critique,False
13920,249,4,1774.680000000,à_risque_critique,True
13783,305,4,1542.090000000,à_risque_critique,True
13650,25,6,2197.180000000,sain,False
16409,60,9,4483.720000000,sain,False
14060,1,22,6773.760000000,sain,False
13985,2,10,4126.030000000,sain,False
16234,294,3,333.180000000,à_risque_critique,True
16848,194,3,1130.200000000,à_risque_critique,False
13855,318,4,1310.340000000,à_risque_critique,True
16348,9,4,909.750000000,à_surveiller,False
13431,224,6,2047.140000000,à_surveiller,False
13736,78,6,2391.840000000,à_surveiller,False
17652,1,4,1629.400000000,à_surveiller,False
17682,10,8,3089.860000000,sain,False
17613,12,7,2527.010000000,sain,False
15903,45,7,4454.720000000,sain,False
14312,4,9,2333.290000000,sain,False
15518,33,11,3264.060000000,sain,False
13059,67,10,2303.170000000,sain,True
14898,58,12,2815.220000000,sain,False
14088,8,6,28899.830000000,sain,False
14667,32,40,16608.250000000,sain,False
12924,16,11,2183.020000000,sain,False
16186,7,19,6366.520000000,sain,False
17735,5,17,10256.070000000,sain,False
18022,203,4,983.050000000,à_risque_critique,False
16004,292,5,2146.390000000,à_surveiller,True
14475,4,3,847.470000000,à_surveiller,False
17214,67,4,613.670000000,à_surveiller,False
17343,173,6,1259.940000000,à_surveiller,True
14522,16,5,1062.710000000,à_surveiller,False
16395,141,11,2500.660000000,sain,False
16253,73,6,5276.690000000,sain,False
15811,23,5,2873.140000000,sain,False
14045,155,15,10905.030000000,sain,False
17068,7,37,7244.040000000,sain,False
14740,15,11,4161.060000000,sain,True
14040,1,29,10986.710000000,sain,False
16327,17,14,9295.560000000,sain,False
16939,306,3,449.000000000,à_risque_critique,True
14915,95,10,1646.050000000,à_surveiller,False
17044,192,11,11013.820000000,sain,False
15812,7,10,4454.550000000,sain,False
12998,310,3,920.080000000,à_risque_critique,True
16565,182,4,773.050000000,à_risque_critique,True
16139,24,3,615.540000000,à_risque_critique,False
12963,183,5,2110.760000000,à_surveiller,False
17744,68,5,1615.700000000,à_surveiller,False
16326,32,13,2156.710000000,sain,False
13141,32,16,6680.860000000,sain,False
17961,1,82,2599.850000000,sain,False
